{
  "tickRate": 60.0,
  "usernameOverride": null,
  "loginCredential": null,
  "loginPassword": null,
  "startWorlds": [
    {
      "sessionName": "My World 1",
      "description": null,
      "maxUsers": 32,
      "accessLevel": "LAN",
      "tags": null,
      "mobileFriendly": false,
      "loadWorldPresetName": "BasicEmpty",
      "saveAsOwner" : "LocalMachine",
      "autoRecover": true,
      "saveOnExit" : true,
      "autoSaveInterval" : 240,
      "forcedRestartInterval": -1.0
    }
  ],
  "dataFolder": null,
  "cacheFolder": null
}