{
  "comment": "DO NOT EDIT THIS FILE! Your changes will be lost. Copy it over and create a new file called Config.json",
  "tickRate": 60.0,
  "usernameOverride": null,
  "loginCredential": null,
  "loginPassword": null,
  "startWorlds": [
    {
      "isEnabled": true,
      "sessionName": null,
      "description": null,
      "maxUsers": 32,
      "accessLevel": "Anyone",
      "hideFromPublicListing": null,
      "tags": null,
      "mobileFriendly": false,
      "loadWorldURL": null,
      "saveAsOwner": null,
      "loadWorldPresetName": "SpaceWorld",
      "forcePort": null,
      "keepOriginalRoles": false,
      "defaultUserRoles": null,
      "autoInviteUsernames": null,
      "autoInviteMessage": null,
      "autoRecover": true,
      "idleRestartInterval": -1.0,
      "forcedRestartInterval": -1.0,
      "saveOnExit": false,
      "autosaveInterval": -1.0,
      "awayKickMinutes": -1.0
    }
  ],
  "dataFolder": null,
  "cacheFolder": null,
  "allowedUrlHosts": null,
  "autoSpawnItems": null
}