<?xml version="1.0"?>
<doc>
    <assembly>
        <name>BaseX</name>
    </assembly>
    <members>
        <member name="T:BaseX.RawList`1">
            <summary>
             No-frills list that wraps an accessible array.
            </summary>
            <typeparam name="T">Type of elements contained by the list.</typeparam>
        </member>
        <member name="F:BaseX.RawList`1.Elements">
            <summary>
             Direct access to the elements owned by the raw list.
             Be careful about the operations performed on this list;
             use the normal access methods if in doubt.
            </summary>
        </member>
        <member name="P:BaseX.RawList`1.Count">
            <summary>
            Gets the number of elements contained in the <see cref="T:System.Collections.Generic.ICollection`1"/>.
            Can also be set; setting the count is a direct change to the count integer and does not change the state of the array.
            </summary>
            <returns>
            The number of elements contained in the <see cref="T:System.Collections.Generic.ICollection`1"/>.
            </returns>
        </member>
        <member name="M:BaseX.RawList`1.#ctor">
            <summary>
             Constructs an empty list.
            </summary>
        </member>
        <member name="M:BaseX.RawList`1.#ctor(System.Int32)">
            <summary>
             Constructs an empty list.
            </summary>
            <param name="initialCapacity">Initial capacity to allocate for the list.</param>
            <exception cref="T:System.ArgumentException">Thrown when the initial capacity is zero or negative.</exception>
        </member>
        <member name="M:BaseX.RawList`1.#ctor(System.Collections.Generic.IList{`0})">
            <summary>
             Constructs a raw list from another list.
            </summary>
            <param name="elements">List to copy.</param>
        </member>
        <member name="M:BaseX.RawList`1.RemoveAt(System.Int32)">
            <summary>
            Removes an element from the list.
            </summary>
            <param name="index">Index of the element to remove.</param>
        </member>
        <member name="M:BaseX.RawList`1.FastRemoveAt(System.Int32)">
            <summary>
            Removes an element from the list without maintaining order.
            </summary>
            <param name="index">Index of the element to remove.</param>
        </member>
        <member name="P:BaseX.RawList`1.Capacity">
            <summary>
             Gets or sets the current size allocated for the list.
             If the new capacity is less than the current Count, the excess elements are truncated.
            </summary>
        </member>
        <member name="M:BaseX.RawList`1.Add(`0)">
            <summary>
            Adds an item to the <see cref="T:System.Collections.Generic.ICollection`1"/>.
            </summary>
            <param name="item">The object to add to the <see cref="T:System.Collections.Generic.ICollection`1"/>.</param><exception cref="T:System.NotSupportedException">The <see cref="T:System.Collections.Generic.ICollection`1"/> is read-only.</exception>
        </member>
        <member name="M:BaseX.RawList`1.AddRange(`0[],System.Int32)">
            <summary>
             Adds a range of elements to the list from another list.
            </summary>
            <param name="items">Elements to add.</param>
            <param name="count">How many elements to add.</param>
        </member>
        <member name="M:BaseX.RawList`1.AddRange(BaseX.RawList{`0})">
            <summary>
             Adds a range of elements to the list from another list.
            </summary>
            <param name="items">Elements to add.</param>
        </member>
        <member name="M:BaseX.RawList`1.AddRange(System.Collections.Generic.List{`0})">
            <summary>
             Adds a range of elements to the list from another list.
            </summary>
            <param name="items">Elements to add.</param>
        </member>
        <member name="M:BaseX.RawList`1.AddRange(System.Collections.Generic.IList{`0})">
            <summary>
             Adds a range of elements to the list from another list.
            </summary>
            <param name="items">Elements to add.</param>
        </member>
        <member name="M:BaseX.RawList`1.Clear">
            <summary>
            Removes all items from the <see cref="T:System.Collections.Generic.ICollection`1"/>.
            </summary>
            <exception cref="T:System.NotSupportedException">The <see cref="T:System.Collections.Generic.ICollection`1"/> is read-only. </exception>
        </member>
        <member name="M:BaseX.RawList`1.Remove(`0)">
            <summary>
            Removes the first occurrence of a specific object from the <see cref="T:System.Collections.Generic.ICollection`1"/>.
            </summary>
            <returns>
            true if <paramref name="item"/> was successfully removed from the <see cref="T:System.Collections.Generic.ICollection`1"/>; otherwise, false. This method also returns false if <paramref name="item"/> is not found in the original <see cref="T:System.Collections.Generic.ICollection`1"/>.
            </returns>
            <param name="item">The object to remove from the <see cref="T:System.Collections.Generic.ICollection`1"/>.</param><exception cref="T:System.NotSupportedException">The <see cref="T:System.Collections.Generic.ICollection`1"/> is read-only.</exception>
        </member>
        <member name="M:BaseX.RawList`1.FastRemove(`0)">
            <summary>
            Removes the first occurrence of a specific object from the collection without maintaining element order.
            </summary>
            <returns>
            true if <paramref name="item"/> was successfully removed from the <see cref="T:System.Collections.Generic.ICollection`1"/>; otherwise, false. This method also returns false if <paramref name="item"/> is not found in the original <see cref="T:System.Collections.Generic.ICollection`1"/>.
            </returns>
            <param name="item">The object to remove from the <see cref="T:System.Collections.Generic.ICollection`1"/>.</param><exception cref="T:System.NotSupportedException">The <see cref="T:System.Collections.Generic.ICollection`1"/> is read-only.</exception>
        </member>
        <member name="M:BaseX.RawList`1.IndexOf(`0)">
            <summary>
            Determines the index of a specific item in the <see cref="T:System.Collections.Generic.IList`1"/>.
            </summary>
            <returns>
            The index of <paramref name="item"/> if found in the list; otherwise, -1.
            </returns>
            <param name="item">The object to locate in the <see cref="T:System.Collections.Generic.IList`1"/>.</param>
        </member>
        <member name="M:BaseX.RawList`1.ToArray">
            <summary>
            Copies the elements from the list into an array.
            </summary>
            <returns>An array containing the elements in the list.</returns>
        </member>
        <member name="M:BaseX.RawList`1.Insert(System.Int32,`0)">
            <summary>
            Inserts the element at the specified index.
            </summary>
            <param name="index">Index to insert the item.</param>
            <param name="item">Element to insert.</param>
        </member>
        <member name="M:BaseX.RawList`1.FastInsert(System.Int32,`0)">
            <summary>
            Inserts the element at the specified index without maintaining list order.
            </summary>
            <param name="index">Index to insert the item.</param>
            <param name="item">Element to insert.</param>
        </member>
        <member name="P:BaseX.RawList`1.Item(System.Int32)">
            <summary>
            Gets or sets the element of the list at the given index.
            </summary>
            <param name="index">Index in the list.</param>
            <returns>Element at the given index.</returns>
        </member>
        <member name="M:BaseX.RawList`1.Contains(`0)">
            <summary>
            Determines if an item is present in the list.
            </summary>
            <param name="item">Item to be tested.</param>
            <returns>Whether or not the item was contained by the list.</returns>
        </member>
        <member name="M:BaseX.RawList`1.CopyTo(`0[],System.Int32)">
            <summary>
            Copies the list's contents to the array.
            </summary>
            <param name="array">Array to receive the list's contents.</param>
            <param name="arrayIndex">Index in the array to start the dump.</param>
        </member>
        <member name="M:BaseX.RawList`1.GetEnumerator">
            <summary>
             Gets an enumerator for the list.
            </summary>
            <returns>Enumerator for the list.</returns>
        </member>
        <member name="M:BaseX.RawList`1.Sort(System.Collections.Generic.IComparer{`0})">
            <summary>
             Sorts the list.
            </summary>
            <param name="comparer">Comparer to use to sort the list.</param>
        </member>
        <member name="T:BaseX.RawList`1.Enumerator">
            <summary>
             Enumerator for the RawList.
            </summary>
        </member>
        <member name="M:BaseX.RawList`1.Enumerator.#ctor(BaseX.RawList{`0})">
            <summary>
             Constructs a new enumerator.
            </summary>
            <param name="list"></param>
        </member>
        <member name="T:BaseX.RawValueList`1">
            <summary>
             No-frills list that wraps an accessible array.
            </summary>
            <typeparam name="T">Type of elements contained by the list.</typeparam>
        </member>
        <member name="F:BaseX.RawValueList`1.Elements">
            <summary>
             Direct access to the elements owned by the raw list.
             Be careful about the operations performed on this list;
             use the normal access methods if in doubt.
            </summary>
        </member>
        <member name="P:BaseX.RawValueList`1.Count">
            <summary>
            Gets the number of elements contained in the <see cref="T:System.Collections.Generic.ICollection`1"/>.
            Can also be set; setting the count is a direct change to the count integer and does not change the state of the array.
            </summary>
            <returns>
            The number of elements contained in the <see cref="T:System.Collections.Generic.ICollection`1"/>.
            </returns>
        </member>
        <member name="M:BaseX.RawValueList`1.#ctor">
            <summary>
             Constructs an empty list.
            </summary>
        </member>
        <member name="M:BaseX.RawValueList`1.#ctor(System.Int32)">
            <summary>
             Constructs an empty list.
            </summary>
            <param name="initialCapacity">Initial capacity to allocate for the list.</param>
            <exception cref="T:System.ArgumentException">Thrown when the initial capacity is zero or negative.</exception>
        </member>
        <member name="M:BaseX.RawValueList`1.#ctor(System.Collections.Generic.IList{`0})">
            <summary>
             Constructs a raw list from another list.
            </summary>
            <param name="elements">List to copy.</param>
        </member>
        <member name="M:BaseX.RawValueList`1.RemoveAt(System.Int32)">
            <summary>
            Removes an element from the list.
            </summary>
            <param name="index">Index of the element to remove.</param>
        </member>
        <member name="M:BaseX.RawValueList`1.FastRemoveAt(System.Int32)">
            <summary>
            Removes an element from the list without maintaining order.
            </summary>
            <param name="index">Index of the element to remove.</param>
        </member>
        <member name="P:BaseX.RawValueList`1.Capacity">
            <summary>
             Gets or sets the current size allocated for the list.
             If the new capacity is less than the current Count, the excess elements are truncated.
            </summary>
        </member>
        <member name="M:BaseX.RawValueList`1.Add(`0@)">
            <summary>
            Adds an item to the <see cref="T:System.Collections.Generic.ICollection`1"/>.
            </summary>
            <param name="item">The object to add to the <see cref="T:System.Collections.Generic.ICollection`1"/>.</param><exception cref="T:System.NotSupportedException">The <see cref="T:System.Collections.Generic.ICollection`1"/> is read-only.</exception>
        </member>
        <member name="M:BaseX.RawValueList`1.AddRange(BaseX.RawValueList{`0})">
            <summary>
             Adds a range of elements to the list from another list.
            </summary>
            <param name="items">Elements to add.</param>
        </member>
        <member name="M:BaseX.RawValueList`1.AddRange(System.Collections.Generic.List{`0})">
            <summary>
             Adds a range of elements to the list from another list.
            </summary>
            <param name="items">Elements to add.</param>
        </member>
        <member name="M:BaseX.RawValueList`1.AddRange(System.Collections.Generic.IList{`0})">
            <summary>
             Adds a range of elements to the list from another list.
            </summary>
            <param name="items">Elements to add.</param>
        </member>
        <member name="M:BaseX.RawValueList`1.Clear">
            <summary>
            Removes all items from the <see cref="T:System.Collections.Generic.ICollection`1"/>.
            </summary>
            <exception cref="T:System.NotSupportedException">The <see cref="T:System.Collections.Generic.ICollection`1"/> is read-only. </exception>
        </member>
        <member name="M:BaseX.RawValueList`1.Remove(`0@)">
            <summary>
            Removes the first occurrence of a specific object from the <see cref="T:System.Collections.Generic.ICollection`1"/>.
            </summary>
            <returns>
            true if <paramref name="item"/> was successfully removed from the <see cref="T:System.Collections.Generic.ICollection`1"/>; otherwise, false. This method also returns false if <paramref name="item"/> is not found in the original <see cref="T:System.Collections.Generic.ICollection`1"/>.
            </returns>
            <param name="item">The object to remove from the <see cref="T:System.Collections.Generic.ICollection`1"/>.</param><exception cref="T:System.NotSupportedException">The <see cref="T:System.Collections.Generic.ICollection`1"/> is read-only.</exception>
        </member>
        <member name="M:BaseX.RawValueList`1.FastRemove(`0@)">
            <summary>
            Removes the first occurrence of a specific object from the collection without maintaining element order.
            </summary>
            <returns>
            true if <paramref name="item"/> was successfully removed from the <see cref="T:System.Collections.Generic.ICollection`1"/>; otherwise, false. This method also returns false if <paramref name="item"/> is not found in the original <see cref="T:System.Collections.Generic.ICollection`1"/>.
            </returns>
            <param name="item">The object to remove from the <see cref="T:System.Collections.Generic.ICollection`1"/>.</param><exception cref="T:System.NotSupportedException">The <see cref="T:System.Collections.Generic.ICollection`1"/> is read-only.</exception>
        </member>
        <member name="M:BaseX.RawValueList`1.IndexOf(`0@)">
            <summary>
            Determines the index of a specific item in the <see cref="T:System.Collections.Generic.IList`1"/>.
            </summary>
            <returns>
            The index of <paramref name="item"/> if found in the list; otherwise, -1.
            </returns>
            <param name="item">The object to locate in the <see cref="T:System.Collections.Generic.IList`1"/>.</param>
        </member>
        <member name="M:BaseX.RawValueList`1.ToArray">
            <summary>
            Copies the elements from the list into an array.
            </summary>
            <returns>An array containing the elements in the list.</returns>
        </member>
        <member name="M:BaseX.RawValueList`1.Insert(System.Int32,`0@)">
            <summary>
            Inserts the element at the specified index.
            </summary>
            <param name="index">Index to insert the item.</param>
            <param name="item">Element to insert.</param>
        </member>
        <member name="M:BaseX.RawValueList`1.FastInsert(System.Int32,`0@)">
            <summary>
            Inserts the element at the specified index without maintaining list order.
            </summary>
            <param name="index">Index to insert the item.</param>
            <param name="item">Element to insert.</param>
        </member>
        <member name="P:BaseX.RawValueList`1.Item(System.Int32)">
            <summary>
            Gets or sets the element of the list at the given index.
            </summary>
            <param name="index">Index in the list.</param>
            <returns>Element at the given index.</returns>
        </member>
        <member name="M:BaseX.RawValueList`1.Contains(`0)">
            <summary>
            Determines if an item is present in the list.
            </summary>
            <param name="item">Item to be tested.</param>
            <returns>Whether or not the item was contained by the list.</returns>
        </member>
        <member name="M:BaseX.RawValueList`1.CopyTo(`0[],System.Int32)">
            <summary>
            Copies the list's contents to the array.
            </summary>
            <param name="array">Array to receive the list's contents.</param>
            <param name="arrayIndex">Index in the array to start the dump.</param>
        </member>
        <member name="M:BaseX.RawValueList`1.GetEnumerator">
            <summary>
             Gets an enumerator for the list.
            </summary>
            <returns>Enumerator for the list.</returns>
        </member>
        <member name="M:BaseX.RawValueList`1.Sort(System.Collections.Generic.IComparer{`0})">
            <summary>
             Sorts the list.
            </summary>
            <param name="comparer">Comparer to use to sort the list.</param>
        </member>
        <member name="T:BaseX.RawValueList`1.Enumerator">
            <summary>
             Enumerator for the RawValueList.
            </summary>
        </member>
        <member name="M:BaseX.RawValueList`1.Enumerator.#ctor(BaseX.RawValueList{`0})">
            <summary>
             Constructs a new enumerator.
            </summary>
            <param name="list"></param>
        </member>
        <member name="M:BaseX.ConvexHullHelper.GetConvexHull(BaseX.RawList{BaseX.float3},BaseX.RawList{System.Int32})">
            <summary>
            Identifies the indices of points in a set which are on the outer convex hull of the set.
            </summary>
            <param name="points">List of points in the set.</param>
            <param name="outputTriangleIndices">List of indices into the input point set composing the triangulated surface of the convex hull.
            Each group of 3 indices represents a triangle on the surface of the hull.</param>
        </member>
        <member name="M:BaseX.PointMerger.RemoveRedundantPoints(BaseX.RawList{BaseX.float3},System.Double)">
            <summary>
            Removes redundant points.  Two points are redundant if they occupy the same hash grid cell.
            </summary>
            <param name="points">List of points to prune.</param>
            <param name="cellSize">Size of cells to determine redundancy.</param>
        </member>
        <member name="T:System.half">
             <summary>
             Represents a half-precision floating point number. 
             </summary>
             <remarks>
             Note:
                 Half is not fast enought and precision is also very bad, 
                 so is should not be used for matemathical computation (use Single instead).
                 The main advantage of Half type is lower memory cost: two bytes per number. 
                 Half is typically used in graphical applications.
                 
             Note: 
                 All functions, where is used conversion half->float/float->half, 
                 are approx. ten times slower than float->double/double->float, i.e. ~3ns on 2GHz CPU.
            
             References:
                 - Fast Half Float Conversions, Jeroen van der Zijp, link: http://www.fox-toolkit.org/ftp/fasthalffloatconversion.pdf
                 - IEEE 754 revision, link: http://grouper.ieee.org/groups/754/
             </remarks>
        </member>
        <member name="F:System.half.value">
            <summary>
            Internal representation of the half-precision floating-point number.
            </summary>
        </member>
        <member name="F:System.half.Epsilon">
            <summary>
            Represents the smallest positive System.Half value greater than zero. This field is constant.
            </summary>
        </member>
        <member name="F:System.half.MaxValue">
            <summary>
            Represents the largest possible value of System.Half. This field is constant.
            </summary>
        </member>
        <member name="F:System.half.MinValue">
            <summary>
            Represents the smallest possible value of System.Half. This field is constant.
            </summary>
        </member>
        <member name="F:System.half.NaN">
            <summary>
            Represents not a number (NaN). This field is constant.
            </summary>
        </member>
        <member name="F:System.half.NegativeInfinity">
            <summary>
            Represents negative infinity. This field is constant.
            </summary>
        </member>
        <member name="F:System.half.PositiveInfinity">
            <summary>
            Represents positive infinity. This field is constant.
            </summary>
        </member>
        <member name="M:System.half.#ctor(System.Single)">
            <summary>
            Initializes a new instance of System.Half to the value of the specified single-precision floating-point number.
            </summary>
            <param name="value">The value to represent as a System.Half.</param>
        </member>
        <member name="M:System.half.#ctor(System.Int32)">
            <summary>
            Initializes a new instance of System.Half to the value of the specified 32-bit signed integer.
            </summary>
            <param name="value">The value to represent as a System.Half.</param>
        </member>
        <member name="M:System.half.#ctor(System.Int64)">
            <summary>
            Initializes a new instance of System.Half to the value of the specified 64-bit signed integer.
            </summary>
            <param name="value">The value to represent as a System.Half.</param>
        </member>
        <member name="M:System.half.#ctor(System.Double)">
            <summary>
            Initializes a new instance of System.Half to the value of the specified double-precision floating-point number.
            </summary>
            <param name="value">The value to represent as a System.Half.</param>
        </member>
        <member name="M:System.half.#ctor(System.Decimal)">
            <summary>
            Initializes a new instance of System.Half to the value of the specified decimal number.
            </summary>
            <param name="value">The value to represent as a System.Half.</param>
        </member>
        <member name="M:System.half.#ctor(System.UInt32)">
            <summary>
            Initializes a new instance of System.Half to the value of the specified 32-bit unsigned integer.
            </summary>
            <param name="value">The value to represent as a System.Half.</param>
        </member>
        <member name="M:System.half.#ctor(System.UInt64)">
            <summary>
            Initializes a new instance of System.Half to the value of the specified 64-bit unsigned integer.
            </summary>
            <param name="value">The value to represent as a System.Half.</param>
        </member>
        <member name="M:System.half.Negate(System.half)">
            <summary>
            Returns the result of multiplying the specified System.Half value by negative one.
            </summary>
            <param name="half">A System.Half.</param>
            <returns>A System.Half with the value of half, but the opposite sign. -or- Zero, if half is zero.</returns>
        </member>
        <member name="M:System.half.Add(System.half,System.half)">
            <summary>
            Adds two specified System.Half values.
            </summary>
            <param name="half1">A System.Half.</param>
            <param name="half2">A System.Half.</param>
            <returns>A System.Half value that is the sum of half1 and half2.</returns>
        </member>
        <member name="M:System.half.Subtract(System.half,System.half)">
            <summary>
            Subtracts one specified System.Half value from another.
            </summary>
            <param name="half1">A System.Half (the minuend).</param>
            <param name="half2">A System.Half (the subtrahend).</param>
            <returns>The System.Half result of subtracting half2 from half1.</returns>
        </member>
        <member name="M:System.half.Multiply(System.half,System.half)">
            <summary>
            Multiplies two specified System.Half values.
            </summary>
            <param name="half1">A System.Half (the multiplicand).</param>
            <param name="half2">A System.Half (the multiplier).</param>
            <returns>A System.Half that is the result of multiplying half1 and half2.</returns>
        </member>
        <member name="M:System.half.Divide(System.half,System.half)">
            <summary>
            Divides two specified System.Half values.
            </summary>
            <param name="half1">A System.Half (the dividend).</param>
            <param name="half2">A System.Half (the divisor).</param>
            <returns>The System.Half that is the result of dividing half1 by half2.</returns>
            <exception cref="T:System.DivideByZeroException">half2 is zero.</exception>
        </member>
        <member name="M:System.half.op_UnaryPlus(System.half)">
            <summary>
            Returns the value of the System.Half operand (the sign of the operand is unchanged).
            </summary>
            <param name="half">The System.Half operand.</param>
            <returns>The value of the operand, half.</returns>
        </member>
        <member name="M:System.half.op_UnaryNegation(System.half)">
            <summary>
            Negates the value of the specified System.Half operand.
            </summary>
            <param name="half">The System.Half operand.</param>
            <returns>The result of half multiplied by negative one (-1).</returns>
        </member>
        <member name="M:System.half.op_Increment(System.half)">
            <summary>
            Increments the System.Half operand by 1.
            </summary>
            <param name="half">The System.Half operand.</param>
            <returns>The value of half incremented by 1.</returns>
        </member>
        <member name="M:System.half.op_Decrement(System.half)">
            <summary>
            Decrements the System.Half operand by one.
            </summary>
            <param name="half">The System.Half operand.</param>
            <returns>The value of half decremented by 1.</returns>
        </member>
        <member name="M:System.half.op_Addition(System.half,System.half)">
            <summary>
            Adds two specified System.Half values.
            </summary>
            <param name="half1">A System.Half.</param>
            <param name="half2">A System.Half.</param>
            <returns>The System.Half result of adding half1 and half2.</returns>
        </member>
        <member name="M:System.half.op_Subtraction(System.half,System.half)">
            <summary>
            Subtracts two specified System.Half values.
            </summary>
            <param name="half1">A System.Half.</param>
            <param name="half2">A System.Half.</param>
            <returns>The System.Half result of subtracting half1 and half2.</returns>        
        </member>
        <member name="M:System.half.op_Multiply(System.half,System.half)">
            <summary>
            Multiplies two specified System.Half values.
            </summary>
            <param name="half1">A System.Half.</param>
            <param name="half2">A System.Half.</param>
            <returns>The System.Half result of multiplying half1 by half2.</returns>
        </member>
        <member name="M:System.half.op_Division(System.half,System.half)">
            <summary>
            Divides two specified System.Half values.
            </summary>
            <param name="half1">A System.Half (the dividend).</param>
            <param name="half2">A System.Half (the divisor).</param>
            <returns>The System.Half result of half1 by half2.</returns>
        </member>
        <member name="M:System.half.op_Equality(System.half,System.half)">
            <summary>
            Returns a value indicating whether two instances of System.Half are equal.
            </summary>
            <param name="half1">A System.Half.</param>
            <param name="half2">A System.Half.</param>
            <returns>true if half1 and half2 are equal; otherwise, false.</returns>
        </member>
        <member name="M:System.half.op_Inequality(System.half,System.half)">
            <summary>
            Returns a value indicating whether two instances of System.Half are not equal.
            </summary>
            <param name="half1">A System.Half.</param>
            <param name="half2">A System.Half.</param>
            <returns>true if half1 and half2 are not equal; otherwise, false.</returns>
        </member>
        <member name="M:System.half.op_LessThan(System.half,System.half)">
            <summary>
            Returns a value indicating whether a specified System.Half is less than another specified System.Half.
            </summary>
            <param name="half1">A System.Half.</param>
            <param name="half2">A System.Half.</param>
            <returns>true if half1 is less than half1; otherwise, false.</returns>
        </member>
        <member name="M:System.half.op_GreaterThan(System.half,System.half)">
            <summary>
            Returns a value indicating whether a specified System.Half is greater than another specified System.Half.
            </summary>
            <param name="half1">A System.Half.</param>
            <param name="half2">A System.Half.</param>
            <returns>true if half1 is greater than half2; otherwise, false.</returns>
        </member>
        <member name="M:System.half.op_LessThanOrEqual(System.half,System.half)">
            <summary>
            Returns a value indicating whether a specified System.Half is less than or equal to another specified System.Half.
            </summary>
            <param name="half1">A System.Half.</param>
            <param name="half2">A System.Half.</param>
            <returns>true if half1 is less than or equal to half2; otherwise, false.</returns>
        </member>
        <member name="M:System.half.op_GreaterThanOrEqual(System.half,System.half)">
            <summary>
            Returns a value indicating whether a specified System.Half is greater than or equal to another specified System.Half.
            </summary>
            <param name="half1">A System.Half.</param>
            <param name="half2">A System.Half.</param>
            <returns>true if half1 is greater than or equal to half2; otherwise, false.</returns>
        </member>
        <member name="M:System.half.op_Implicit(System.Byte)~System.half">
            <summary>
            Converts an 8-bit unsigned integer to a System.Half.
            </summary>
            <param name="value">An 8-bit unsigned integer.</param>
            <returns>A System.Half that represents the converted 8-bit unsigned integer.</returns>
        </member>
        <member name="M:System.half.op_Implicit(System.Int16)~System.half">
            <summary>
            Converts a 16-bit signed integer to a System.Half.
            </summary>
            <param name="value">A 16-bit signed integer.</param>
            <returns>A System.Half that represents the converted 16-bit signed integer.</returns>
        </member>
        <member name="M:System.half.op_Implicit(System.Char)~System.half">
            <summary>
            Converts a Unicode character to a System.Half.
            </summary>
            <param name="value">A Unicode character.</param>
            <returns>A System.Half that represents the converted Unicode character.</returns>
        </member>
        <member name="M:System.half.op_Implicit(System.Int32)~System.half">
            <summary>
            Converts a 32-bit signed integer to a System.Half.
            </summary>
            <param name="value">A 32-bit signed integer.</param>
            <returns>A System.Half that represents the converted 32-bit signed integer.</returns>
        </member>
        <member name="M:System.half.op_Implicit(System.Int64)~System.half">
            <summary>
            Converts a 64-bit signed integer to a System.Half.
            </summary>
            <param name="value">A 64-bit signed integer.</param>
            <returns>A System.Half that represents the converted 64-bit signed integer.</returns>
        </member>
        <member name="M:System.half.op_Explicit(System.Single)~System.half">
            <summary>
            Converts a single-precision floating-point number to a System.Half.
            </summary>
            <param name="value">A single-precision floating-point number.</param>
            <returns>A System.Half that represents the converted single-precision floating point number.</returns>
        </member>
        <member name="M:System.half.op_Explicit(System.Double)~System.half">
            <summary>
            Converts a double-precision floating-point number to a System.Half.
            </summary>
            <param name="value">A double-precision floating-point number.</param>
            <returns>A System.Half that represents the converted double-precision floating point number.</returns>
        </member>
        <member name="M:System.half.op_Explicit(System.Decimal)~System.half">
            <summary>
            Converts a decimal number to a System.Half.
            </summary>
            <param name="value">decimal number</param>
            <returns>A System.Half that represents the converted decimal number.</returns>
        </member>
        <member name="M:System.half.op_Explicit(System.half)~System.Byte">
            <summary>
            Converts a System.Half to an 8-bit unsigned integer.
            </summary>
            <param name="value">A System.Half to convert.</param>
            <returns>An 8-bit unsigned integer that represents the converted System.Half.</returns>
        </member>
        <member name="M:System.half.op_Explicit(System.half)~System.Char">
            <summary>
            Converts a System.Half to a Unicode character.
            </summary>
            <param name="value">A System.Half to convert.</param>
            <returns>A Unicode character that represents the converted System.Half.</returns>
        </member>
        <member name="M:System.half.op_Explicit(System.half)~System.Int16">
            <summary>
            Converts a System.Half to a 16-bit signed integer.
            </summary>
            <param name="value">A System.Half to convert.</param>
            <returns>A 16-bit signed integer that represents the converted System.Half.</returns>
        </member>
        <member name="M:System.half.op_Explicit(System.half)~System.Int32">
            <summary>
            Converts a System.Half to a 32-bit signed integer.
            </summary>
            <param name="value">A System.Half to convert.</param>
            <returns>A 32-bit signed integer that represents the converted System.Half.</returns>
        </member>
        <member name="M:System.half.op_Explicit(System.half)~System.Int64">
            <summary>
            Converts a System.Half to a 64-bit signed integer.
            </summary>
            <param name="value">A System.Half to convert.</param>
            <returns>A 64-bit signed integer that represents the converted System.Half.</returns>
        </member>
        <member name="M:System.half.op_Implicit(System.half)~System.Single">
            <summary>
            Converts a System.Half to a single-precision floating-point number.
            </summary>
            <param name="value">A System.Half to convert.</param>
            <returns>A single-precision floating-point number that represents the converted System.Half.</returns>
        </member>
        <member name="M:System.half.op_Implicit(System.half)~System.Double">
            <summary>
            Converts a System.Half to a double-precision floating-point number.
            </summary>
            <param name="value">A System.Half to convert.</param>
            <returns>A double-precision floating-point number that represents the converted System.Half.</returns>
        </member>
        <member name="M:System.half.op_Explicit(System.half)~System.Decimal">
            <summary>
            Converts a System.Half to a decimal number.
            </summary>
            <param name="value">A System.Half to convert.</param>
            <returns>A decimal number that represents the converted System.Half.</returns>
        </member>
        <member name="M:System.half.op_Implicit(System.SByte)~System.half">
            <summary>
            Converts an 8-bit signed integer to a System.Half.
            </summary>
            <param name="value">An 8-bit signed integer.</param>
            <returns>A System.Half that represents the converted 8-bit signed integer.</returns>
        </member>
        <member name="M:System.half.op_Implicit(System.UInt16)~System.half">
            <summary>
            Converts a 16-bit unsigned integer to a System.Half.
            </summary>
            <param name="value">A 16-bit unsigned integer.</param>
            <returns>A System.Half that represents the converted 16-bit unsigned integer.</returns>
        </member>
        <member name="M:System.half.op_Implicit(System.UInt32)~System.half">
            <summary>
            Converts a 32-bit unsigned integer to a System.Half.
            </summary>
            <param name="value">A 32-bit unsigned integer.</param>
            <returns>A System.Half that represents the converted 32-bit unsigned integer.</returns>
        </member>
        <member name="M:System.half.op_Implicit(System.UInt64)~System.half">
            <summary>
            Converts a 64-bit unsigned integer to a System.Half.
            </summary>
            <param name="value">A 64-bit unsigned integer.</param>
            <returns>A System.Half that represents the converted 64-bit unsigned integer.</returns>
        </member>
        <member name="M:System.half.op_Explicit(System.half)~System.SByte">
            <summary>
            Converts a System.Half to an 8-bit signed integer.
            </summary>
            <param name="value">A System.Half to convert.</param>
            <returns>An 8-bit signed integer that represents the converted System.Half.</returns>
        </member>
        <member name="M:System.half.op_Explicit(System.half)~System.UInt16">
            <summary>
            Converts a System.Half to a 16-bit unsigned integer.
            </summary>
            <param name="value">A System.Half to convert.</param>
            <returns>A 16-bit unsigned integer that represents the converted System.Half.</returns>
        </member>
        <member name="M:System.half.op_Explicit(System.half)~System.UInt32">
            <summary>
            Converts a System.Half to a 32-bit unsigned integer.
            </summary>
            <param name="value">A System.Half to convert.</param>
            <returns>A 32-bit unsigned integer that represents the converted System.Half.</returns>
        </member>
        <member name="M:System.half.op_Explicit(System.half)~System.UInt64">
            <summary>
            Converts a System.Half to a 64-bit unsigned integer.
            </summary>
            <param name="value">A System.Half to convert.</param>
            <returns>A 64-bit unsigned integer that represents the converted System.Half.</returns>
        </member>
        <member name="M:System.half.CompareTo(System.half)">
            <summary>
            Compares this instance to a specified System.Half object.
            </summary>
            <param name="other">A System.Half object.</param>
            <returns>
            A signed number indicating the relative values of this instance and value.
            Return Value Meaning Less than zero This instance is less than value. Zero
            This instance is equal to value. Greater than zero This instance is greater than value.
            </returns>
        </member>
        <member name="M:System.half.CompareTo(System.Object)">
            <summary>
            Compares this instance to a specified System.Object.
            </summary>
            <param name="obj">An System.Object or null.</param>
            <returns>
            A signed number indicating the relative values of this instance and value.
            Return Value Meaning Less than zero This instance is less than value. Zero
            This instance is equal to value. Greater than zero This instance is greater
            than value. -or- value is null.
            </returns>
            <exception cref="T:System.ArgumentException">value is not a System.Half</exception>
        </member>
        <member name="M:System.half.Equals(System.half)">
            <summary>
            Returns a value indicating whether this instance and a specified System.Half object represent the same value.
            </summary>
            <param name="other">A System.Half object to compare to this instance.</param>
            <returns>true if value is equal to this instance; otherwise, false.</returns>
        </member>
        <member name="M:System.half.Equals(System.Object)">
            <summary>
            Returns a value indicating whether this instance and a specified System.Object
            represent the same type and value.
            </summary>
            <param name="obj">An System.Object.</param>
            <returns>true if value is a System.Half and equal to this instance; otherwise, false.</returns>
        </member>
        <member name="M:System.half.GetHashCode">
            <summary>
            Returns the hash code for this instance.
            </summary>
            <returns>A 32-bit signed integer hash code.</returns>
        </member>
        <member name="M:System.half.GetTypeCode">
            <summary>
            Returns the System.TypeCode for value type System.Half.
            </summary>
            <returns>The enumerated constant (TypeCode)255.</returns>
        </member>
        <member name="M:System.half.GetBytes(System.half)">
            <summary>
            Returns the specified half-precision floating point value as an array of bytes.
            </summary>
            <param name="value">The number to convert.</param>
            <returns>An array of bytes with length 2.</returns>
        </member>
        <member name="M:System.half.GetBits(System.half)">
            <summary>
            Converts the value of a specified instance of System.Half to its equivalent binary representation.
            </summary>
            <param name="value">A System.Half value.</param>
            <returns>A 16-bit unsigned integer that contain the binary representation of value.</returns>        
        </member>
        <member name="M:System.half.ToHalf(System.Byte[],System.Int32)">
            <summary>
            Returns a half-precision floating point number converted from two bytes
            at a specified position in a byte array.
            </summary>
            <param name="value">An array of bytes.</param>
            <param name="startIndex">The starting position within value.</param>
            <returns>A half-precision floating point number formed by two bytes beginning at startIndex.</returns>
            <exception cref="T:System.ArgumentException">
            startIndex is greater than or equal to the length of value minus 1, and is
            less than or equal to the length of value minus 1.
            </exception>
            <exception cref="T:System.ArgumentNullException">value is null.</exception>
            <exception cref="T:System.ArgumentOutOfRangeException">startIndex is less than zero or greater than the length of value minus 1.</exception>
        </member>
        <member name="M:System.half.ToHalf(System.UInt16)">
            <summary>
            Returns a half-precision floating point number converted from its binary representation.
            </summary>
            <param name="bits">Binary representation of System.Half value</param>
            <returns>A half-precision floating point number formed by its binary representation.</returns>
        </member>
        <member name="M:System.half.Sign(System.half)">
            <summary>
            Returns a value indicating the sign of a half-precision floating-point number.
            </summary>
            <param name="value">A signed number.</param>
            <returns>
            A number indicating the sign of value. Number Description -1 value is less
            than zero. 0 value is equal to zero. 1 value is greater than zero.
            </returns>
            <exception cref="T:System.ArithmeticException">value is equal to System.Half.NaN.</exception>
        </member>
        <member name="M:System.half.Abs(System.half)">
            <summary>
            Returns the absolute value of a half-precision floating-point number.
            </summary>
            <param name="value">A number in the range System.Half.MinValue ≤ value ≤ System.Half.MaxValue.</param>
            <returns>A half-precision floating-point number, x, such that 0 ≤ x ≤System.Half.MaxValue.</returns>
        </member>
        <member name="M:System.half.Max(System.half,System.half)">
            <summary>
            Returns the larger of two half-precision floating-point numbers.
            </summary>
            <param name="value1">The first of two half-precision floating-point numbers to compare.</param>
            <param name="value2">The second of two half-precision floating-point numbers to compare.</param>
            <returns>
            Parameter value1 or value2, whichever is larger. If value1, or value2, or both val1
            and value2 are equal to System.Half.NaN, System.Half.NaN is returned.
            </returns>
        </member>
        <member name="M:System.half.Min(System.half,System.half)">
            <summary>
            Returns the smaller of two half-precision floating-point numbers.
            </summary>
            <param name="value1">The first of two half-precision floating-point numbers to compare.</param>
            <param name="value2">The second of two half-precision floating-point numbers to compare.</param>
            <returns>
            Parameter value1 or value2, whichever is smaller. If value1, or value2, or both val1
            and value2 are equal to System.Half.NaN, System.Half.NaN is returned.
            </returns>
        </member>
        <member name="M:System.half.IsNaN(System.half)">
            <summary>
            Returns a value indicating whether the specified number evaluates to not a number (System.Half.NaN).
            </summary>
            <param name="half">A half-precision floating-point number.</param>
            <returns>true if value evaluates to not a number (System.Half.NaN); otherwise, false.</returns>
        </member>
        <member name="M:System.half.IsInfinity(System.half)">
            <summary>
            Returns a value indicating whether the specified number evaluates to negative or positive infinity.
            </summary>
            <param name="half">A half-precision floating-point number.</param>
            <returns>true if half evaluates to System.Half.PositiveInfinity or System.Half.NegativeInfinity; otherwise, false.</returns>
        </member>
        <member name="M:System.half.IsNegativeInfinity(System.half)">
            <summary>
            Returns a value indicating whether the specified number evaluates to negative infinity.
            </summary>
            <param name="half">A half-precision floating-point number.</param>
            <returns>true if half evaluates to System.Half.NegativeInfinity; otherwise, false.</returns>
        </member>
        <member name="M:System.half.IsPositiveInfinity(System.half)">
            <summary>
            Returns a value indicating whether the specified number evaluates to positive infinity.
            </summary>
            <param name="half">A half-precision floating-point number.</param>
            <returns>true if half evaluates to System.Half.PositiveInfinity; otherwise, false.</returns>
        </member>
        <member name="M:System.half.Parse(System.String)">
            <summary>
            Converts the string representation of a number to its System.Half equivalent.
            </summary>
            <param name="value">The string representation of the number to convert.</param>
            <returns>The System.Half number equivalent to the number contained in value.</returns>
            <exception cref="T:System.ArgumentNullException">value is null.</exception>
            <exception cref="T:System.FormatException">value is not in the correct format.</exception>
            <exception cref="T:System.OverflowException">value represents a number less than System.Half.MinValue or greater than System.Half.MaxValue.</exception>
        </member>
        <member name="M:System.half.Parse(System.String,System.IFormatProvider)">
            <summary>
            Converts the string representation of a number to its System.Half equivalent 
            using the specified culture-specific format information.
            </summary>
            <param name="value">The string representation of the number to convert.</param>
            <param name="provider">An System.IFormatProvider that supplies culture-specific parsing information about value.</param>
            <returns>The System.Half number equivalent to the number contained in s as specified by provider.</returns>
            <exception cref="T:System.ArgumentNullException">value is null.</exception>
            <exception cref="T:System.FormatException">value is not in the correct format.</exception>
            <exception cref="T:System.OverflowException">value represents a number less than System.Half.MinValue or greater than System.Half.MaxValue.</exception>
        </member>
        <member name="M:System.half.Parse(System.String,System.Globalization.NumberStyles)">
            <summary>
            Converts the string representation of a number in a specified style to its System.Half equivalent.
            </summary>
            <param name="value">The string representation of the number to convert.</param>
            <param name="style">
            A bitwise combination of System.Globalization.NumberStyles values that indicates
            the style elements that can be present in value. A typical value to specify is
            System.Globalization.NumberStyles.Number.
            </param>
            <returns>The System.Half number equivalent to the number contained in s as specified by style.</returns>
            <exception cref="T:System.ArgumentNullException">value is null.</exception>
            <exception cref="T:System.ArgumentException">
            style is not a System.Globalization.NumberStyles value. -or- style is the
            System.Globalization.NumberStyles.AllowHexSpecifier value.
            </exception>
            <exception cref="T:System.FormatException">value is not in the correct format.</exception>
            <exception cref="T:System.OverflowException">value represents a number less than System.Half.MinValue or greater than System.Half.MaxValue.</exception>
        </member>
        <member name="M:System.half.Parse(System.String,System.Globalization.NumberStyles,System.IFormatProvider)">
            <summary>
            Converts the string representation of a number to its System.Half equivalent 
            using the specified style and culture-specific format.
            </summary>
            <param name="value">The string representation of the number to convert.</param>
            <param name="style">
            A bitwise combination of System.Globalization.NumberStyles values that indicates
            the style elements that can be present in value. A typical value to specify is 
            System.Globalization.NumberStyles.Number.
            </param>
            <param name="provider">An System.IFormatProvider object that supplies culture-specific information about the format of value.</param>
            <returns>The System.Half number equivalent to the number contained in s as specified by style and provider.</returns>
            <exception cref="T:System.ArgumentNullException">value is null.</exception>
            <exception cref="T:System.ArgumentException">
            style is not a System.Globalization.NumberStyles value. -or- style is the
            System.Globalization.NumberStyles.AllowHexSpecifier value.
            </exception>
            <exception cref="T:System.FormatException">value is not in the correct format.</exception>
            <exception cref="T:System.OverflowException">value represents a number less than System.Half.MinValue or greater than System.Half.MaxValue.</exception>
        </member>
        <member name="M:System.half.TryParse(System.String,System.half@)">
            <summary>
            Converts the string representation of a number to its System.Half equivalent.
            A return value indicates whether the conversion succeeded or failed.
            </summary>
            <param name="value">The string representation of the number to convert.</param>
            <param name="result">
            When this method returns, contains the System.Half number that is equivalent
            to the numeric value contained in value, if the conversion succeeded, or is zero
            if the conversion failed. The conversion fails if the s parameter is null,
            is not a number in a valid format, or represents a number less than System.Half.MinValue
            or greater than System.Half.MaxValue. This parameter is passed uninitialized.
            </param>
            <returns>true if s was converted successfully; otherwise, false.</returns>
        </member>
        <member name="M:System.half.TryParse(System.String,System.Globalization.NumberStyles,System.IFormatProvider,System.half@)">
            <summary>
            Converts the string representation of a number to its System.Half equivalent
            using the specified style and culture-specific format. A return value indicates
            whether the conversion succeeded or failed.
            </summary>
            <param name="value">The string representation of the number to convert.</param>
            <param name="style">
            A bitwise combination of System.Globalization.NumberStyles values that indicates
            the permitted format of value. A typical value to specify is System.Globalization.NumberStyles.Number.
            </param>
            <param name="provider">An System.IFormatProvider object that supplies culture-specific parsing information about value.</param>
            <param name="result">
            When this method returns, contains the System.Half number that is equivalent
            to the numeric value contained in value, if the conversion succeeded, or is zero
            if the conversion failed. The conversion fails if the s parameter is null,
            is not in a format compliant with style, or represents a number less than
            System.Half.MinValue or greater than System.Half.MaxValue. This parameter is passed uninitialized.
            </param>
            <returns>true if s was converted successfully; otherwise, false.</returns>
            <exception cref="T:System.ArgumentException">
            style is not a System.Globalization.NumberStyles value. -or- style 
            is the System.Globalization.NumberStyles.AllowHexSpecifier value.
            </exception>
        </member>
        <member name="M:System.half.ToString">
            <summary>
            Converts the numeric value of this instance to its equivalent string representation.
            </summary>
            <returns>A string that represents the value of this instance.</returns>
        </member>
        <member name="M:System.half.ToString(System.IFormatProvider)">
            <summary>
            Converts the numeric value of this instance to its equivalent string representation
            using the specified culture-specific format information.
            </summary>
            <param name="formatProvider">An System.IFormatProvider that supplies culture-specific formatting information.</param>
            <returns>The string representation of the value of this instance as specified by provider.</returns>
        </member>
        <member name="M:System.half.ToString(System.String)">
            <summary>
            Converts the numeric value of this instance to its equivalent string representation, using the specified format.
            </summary>
            <param name="format">A numeric format string.</param>
            <returns>The string representation of the value of this instance as specified by format.</returns>
        </member>
        <member name="M:System.half.ToString(System.String,System.IFormatProvider)">
            <summary>
            Converts the numeric value of this instance to its equivalent string representation 
            using the specified format and culture-specific format information.
            </summary>
            <param name="format">A numeric format string.</param>
            <param name="formatProvider">An System.IFormatProvider that supplies culture-specific formatting information.</param>
            <returns>The string representation of the value of this instance as specified by format and provider.</returns>
            <exception cref="T:System.FormatException">format is invalid.</exception>
        </member>
        <member name="T:System.HalfHelper">
            <summary>
            Helper class for Half conversions and some low level operations.
            This class is internally used in the Half class.
            </summary>
            <remarks>
            References:
                - Fast Half Float Conversions, Jeroen van der Zijp, link: http://www.fox-toolkit.org/ftp/fasthalffloatconversion.pdf
            </remarks>
        </member>
        <!-- Badly formed XML comment ignored for member "T:SimplexNoise.Noise" -->
        <member name="M:SimplexNoise.Noise.Generate(System.Single)">
            <summary>
            1D simplex noise
            </summary>
            <param name="x"></param>
            <returns></returns>
        </member>
        <member name="M:SimplexNoise.Noise.Generate(System.Single,System.Single)">
            <summary>
            2D simplex noise
            </summary>
            <param name="x"></param>
            <param name="y"></param>
            <returns></returns>
        </member>
        <member name="T:Microsoft.IO.RecyclableMemoryStream">
            <summary>
            MemoryStream implementation that deals with pooling and managing memory streams which use potentially large
            buffers.
            </summary>
            <remarks>
            This class works in tandem with the RecylableMemoryStreamManager to supply MemoryStream
            objects to callers, while avoiding these specific problems:
            1. LOH allocations - since all large buffers are pooled, they will never incur a Gen2 GC
            2. Memory waste - A standard memory stream doubles its size when it runs out of room. This
            leads to continual memory growth as each stream approaches the maximum allowed size.
            3. Memory copying - Each time a MemoryStream grows, all the bytes are copied into new buffers.
            This implementation only copies the bytes when GetBuffer is called.
            4. Memory fragmentation - By using homogeneous buffer sizes, it ensures that blocks of memory
            can be easily reused.
            
            The stream is implemented on top of a series of uniformly-sized blocks. As the stream's length grows,
            additional blocks are retrieved from the memory manager. It is these blocks that are pooled, not the stream
            object itself.
            
            The biggest wrinkle in this implementation is when GetBuffer() is called. This requires a single 
            contiguous buffer. If only a single block is in use, then that block is returned. If multiple blocks 
            are in use, we retrieve a larger buffer from the memory manager. These large buffers are also pooled, 
            split by size--they are multiples of a chunk size (1 MB by default).
            
            Once a large buffer is assigned to the stream the blocks are NEVER again used for this stream. All operations take place on the 
            large buffer. The large buffer can be replaced by a larger buffer from the pool as needed. All blocks and large buffers 
            are maintained in the stream until the stream is disposed (unless AggressiveBufferReturn is enabled in the stream manager).
            
            </remarks>
        </member>
        <member name="F:Microsoft.IO.RecyclableMemoryStream.blocks">
            <summary>
            All of these blocks must be the same size
            </summary>
        </member>
        <member name="F:Microsoft.IO.RecyclableMemoryStream.byteBuffer">
            <summary>
            This buffer exists so that WriteByte can forward all of its calls to Write
            without creating a new byte[] buffer on every call.
            </summary>
        </member>
        <member name="F:Microsoft.IO.RecyclableMemoryStream.dirtyBuffers">
            <summary>
            This list is used to store buffers once they're replaced by something larger.
            This is for the cases where you have users of this class that may hold onto the buffers longer
            than they should and you want to prevent race conditions which could corrupt the data.
            </summary>
        </member>
        <member name="F:Microsoft.IO.RecyclableMemoryStream.largeBuffer">
            <summary>
            This is only set by GetBuffer() if the necessary buffer is larger than a single block size, or on
            construction if the caller immediately requests a single large buffer.
            </summary>
            <remarks>If this field is non-null, it contains the concatenation of the bytes found in the individual
            blocks. Once it is created, this (or a larger) largeBuffer will be used for the life of the stream.
            </remarks>
        </member>
        <member name="P:Microsoft.IO.RecyclableMemoryStream.Tag">
            <summary>
            A temporary identifier for the current usage of this stream.
            </summary>
            <exception cref="T:System.ObjectDisposedException">Object has been disposed</exception>
        </member>
        <member name="P:Microsoft.IO.RecyclableMemoryStream.MemoryManager">
            <summary>
            Gets the memory manager being used by this stream.
            </summary>
            <exception cref="T:System.ObjectDisposedException">Object has been disposed</exception>
        </member>
        <member name="P:Microsoft.IO.RecyclableMemoryStream.AllocationStack">
            <summary>
            Callstack of the constructor. It is only set if MemoryManager.GenerateCallStacks is true,
            which should only be in debugging situations.
            </summary>
        </member>
        <member name="P:Microsoft.IO.RecyclableMemoryStream.DisposeStack">
            <summary>
            Callstack of the Dispose call. It is only set if MemoryManager.GenerateCallStacks is true,
            which should only be in debugging situations.
            </summary>
        </member>
        <member name="M:Microsoft.IO.RecyclableMemoryStream.#ctor(Microsoft.IO.RecyclableMemoryStreamManager)">
            <summary>
            Allocate a new RecyclableMemoryStream object.
            </summary>
            <param name="memoryManager">The memory manager</param>
        </member>
        <member name="M:Microsoft.IO.RecyclableMemoryStream.#ctor(Microsoft.IO.RecyclableMemoryStreamManager,System.String)">
            <summary>
            Allocate a new RecyclableMemoryStream object
            </summary>
            <param name="memoryManager">The memory manager</param>
            <param name="tag">A string identifying this stream for logging and debugging purposes</param>
        </member>
        <member name="M:Microsoft.IO.RecyclableMemoryStream.#ctor(Microsoft.IO.RecyclableMemoryStreamManager,System.String,System.Int32)">
            <summary>
            Allocate a new RecyclableMemoryStream object
            </summary>
            <param name="memoryManager">The memory manager</param>
            <param name="tag">A string identifying this stream for logging and debugging purposes</param>
            <param name="requestedSize">The initial requested size to prevent future allocations</param>
        </member>
        <member name="M:Microsoft.IO.RecyclableMemoryStream.#ctor(Microsoft.IO.RecyclableMemoryStreamManager,System.String,System.Int32,System.Byte[])">
            <summary>
            Allocate a new RecyclableMemoryStream object
            </summary>
            <param name="memoryManager">The memory manager</param>
            <param name="tag">A string identifying this stream for logging and debugging purposes</param>
            <param name="requestedSize">The initial requested size to prevent future allocations</param>
            <param name="initialLargeBuffer">An initial buffer to use. This buffer will be owned by the stream and returned to the memory manager upon Dispose.</param>
        </member>
        <member name="M:Microsoft.IO.RecyclableMemoryStream.Dispose(System.Boolean)">
            <summary>
            Returns the memory used by this stream back to the pool.
            </summary>
            <param name="disposing">Whether we're disposing (true), or being called by the finalizer (false)</param>
        </member>
        <member name="M:Microsoft.IO.RecyclableMemoryStream.Close">
            <summary>
            Equivalent to Dispose
            </summary>
        </member>
        <member name="P:Microsoft.IO.RecyclableMemoryStream.Capacity">
            <summary>
            Gets or sets the capacity
            </summary>
            <remarks>Capacity is always in multiples of the memory manager's block size, unless
            the large buffer is in use.  Capacity never decreases during a stream's lifetime. 
            Explicitly setting the capacity to a lower value than the current value will have no effect. 
            This is because the buffers are all pooled by chunks and there's little reason to 
            allow stream truncation.
            </remarks>
            <exception cref="T:System.ObjectDisposedException">Object has been disposed</exception>
        </member>
        <member name="P:Microsoft.IO.RecyclableMemoryStream.Length">
            <summary>
            Gets the number of bytes written to this stream.
            </summary>
            <exception cref="T:System.ObjectDisposedException">Object has been disposed</exception>
        </member>
        <member name="P:Microsoft.IO.RecyclableMemoryStream.Position">
            <summary>
            Gets the current position in the stream
            </summary>
            <exception cref="T:System.ObjectDisposedException">Object has been disposed</exception>
        </member>
        <member name="P:Microsoft.IO.RecyclableMemoryStream.CanRead">
            <summary>
            Whether the stream can currently read
            </summary>
        </member>
        <member name="P:Microsoft.IO.RecyclableMemoryStream.CanSeek">
            <summary>
            Whether the stream can currently seek
            </summary>
        </member>
        <member name="P:Microsoft.IO.RecyclableMemoryStream.CanTimeout">
            <summary>
            Always false
            </summary>
        </member>
        <member name="P:Microsoft.IO.RecyclableMemoryStream.CanWrite">
            <summary>
            Whether the stream can currently write
            </summary>
        </member>
        <member name="M:Microsoft.IO.RecyclableMemoryStream.GetBuffer">
            <summary>
            Returns a single buffer containing the contents of the stream.
            The buffer may be longer than the stream length.
            </summary>
            <returns>A byte[] buffer</returns>
            <remarks>IMPORTANT: Doing a Write() after calling GetBuffer() invalidates the buffer. The old buffer is held onto
            until Dispose is called, but the next time GetBuffer() is called, a new buffer from the pool will be required.</remarks>
            <exception cref="T:System.ObjectDisposedException">Object has been disposed</exception>
        </member>
        <member name="M:Microsoft.IO.RecyclableMemoryStream.ToArray">
            <summary>
            Returns a new array with a copy of the buffer's contents. You should almost certainly be using GetBuffer combined with the Length to 
            access the bytes in this stream. Calling ToArray will destroy the benefits of pooled buffers, but it is included
            for the sake of completeness.
            </summary>
            <exception cref="T:System.ObjectDisposedException">Object has been disposed</exception>
        </member>
        <member name="M:Microsoft.IO.RecyclableMemoryStream.Read(System.Byte[],System.Int32,System.Int32)">
            <summary>
            Reads from the current position into the provided buffer
            </summary>
            <param name="buffer">Destination buffer</param>
            <param name="offset">Offset into buffer at which to start placing the read bytes.</param>
            <param name="count">Number of bytes to read.</param>
            <returns>The number of bytes read</returns>
            <exception cref="T:System.ArgumentNullException">buffer is null</exception>
            <exception cref="T:System.ArgumentOutOfRangeException">offset or count is less than 0</exception>
            <exception cref="T:System.ArgumentException">offset subtracted from the buffer length is less than count</exception>
            <exception cref="T:System.ObjectDisposedException">Object has been disposed</exception>
        </member>
        <member name="M:Microsoft.IO.RecyclableMemoryStream.SafeRead(System.Byte[],System.Int32,System.Int32,System.Int32@)">
            <summary>
            Reads from the specified position into the provided buffer
            </summary>
            <param name="buffer">Destination buffer</param>
            <param name="offset">Offset into buffer at which to start placing the read bytes.</param>
            <param name="count">Number of bytes to read.</param>
            <param name="streamPosition">Position in the stream to start reading from</param>
            <returns>The number of bytes read</returns>
            <exception cref="T:System.ArgumentNullException">buffer is null</exception>
            <exception cref="T:System.ArgumentOutOfRangeException">offset or count is less than 0</exception>
            <exception cref="T:System.ArgumentException">offset subtracted from the buffer length is less than count</exception>
            <exception cref="T:System.ObjectDisposedException">Object has been disposed</exception>
        </member>
        <member name="M:Microsoft.IO.RecyclableMemoryStream.Write(System.Byte[],System.Int32,System.Int32)">
            <summary>
            Writes the buffer to the stream
            </summary>
            <param name="buffer">Source buffer</param>
            <param name="offset">Start position</param>
            <param name="count">Number of bytes to write</param>
            <exception cref="T:System.ArgumentNullException">buffer is null</exception>
            <exception cref="T:System.ArgumentOutOfRangeException">offset or count is negative</exception>
            <exception cref="T:System.ArgumentException">buffer.Length - offset is not less than count</exception>
            <exception cref="T:System.ObjectDisposedException">Object has been disposed</exception>
        </member>
        <member name="M:Microsoft.IO.RecyclableMemoryStream.ToString">
            <summary>
            Returns a useful string for debugging. This should not normally be called in actual production code.
            </summary>
        </member>
        <member name="M:Microsoft.IO.RecyclableMemoryStream.WriteByte(System.Byte)">
            <summary>
            Writes a single byte to the current position in the stream.
            </summary>
            <param name="value">byte value to write</param>
            <exception cref="T:System.ObjectDisposedException">Object has been disposed</exception>
        </member>
        <member name="M:Microsoft.IO.RecyclableMemoryStream.ReadByte">
            <summary>
            Reads a single byte from the current position in the stream.
            </summary>
            <returns>The byte at the current position, or -1 if the position is at the end of the stream.</returns>
            <exception cref="T:System.ObjectDisposedException">Object has been disposed</exception>
        </member>
        <member name="M:Microsoft.IO.RecyclableMemoryStream.SafeReadByte(System.Int32@)">
            <summary>
            Reads a single byte from the specified position in the stream.
            </summary>
            <param name="streamPosition">The position in the stream to read from</param>
            <returns>The byte at the current position, or -1 if the position is at the end of the stream.</returns>
            <exception cref="T:System.ObjectDisposedException">Object has been disposed</exception>
        </member>
        <member name="M:Microsoft.IO.RecyclableMemoryStream.SetLength(System.Int64)">
            <summary>
            Sets the length of the stream
            </summary>
            <exception cref="T:System.ArgumentOutOfRangeException">value is negative or larger than MaxStreamLength</exception>
            <exception cref="T:System.ObjectDisposedException">Object has been disposed</exception>
        </member>
        <member name="M:Microsoft.IO.RecyclableMemoryStream.Seek(System.Int64,System.IO.SeekOrigin)">
            <summary>
            Sets the position to the offset from the seek location
            </summary>
            <param name="offset">How many bytes to move</param>
            <param name="loc">From where</param>
            <returns>The new position</returns>
            <exception cref="T:System.ObjectDisposedException">Object has been disposed</exception>
            <exception cref="T:System.ArgumentOutOfRangeException">offset is larger than MaxStreamLength</exception>
            <exception cref="T:System.ArgumentException">Invalid seek origin</exception>
            <exception cref="T:System.IO.IOException">Attempt to set negative position</exception>
        </member>
        <member name="M:Microsoft.IO.RecyclableMemoryStream.WriteTo(System.IO.Stream)">
            <summary>
            Synchronously writes this stream's bytes to the parameter stream.
            </summary>
            <param name="stream">Destination stream</param>
            <remarks>Important: This does a synchronous write, which may not be desired in some situations</remarks>
        </member>
        <member name="M:Microsoft.IO.RecyclableMemoryStream.ReleaseLargeBuffer">
            <summary>
            Release the large buffer (either stores it for eventual release or returns it immediately).
            </summary>
        </member>
        <member name="T:Microsoft.IO.RecyclableMemoryStreamManager">
            <summary>
            Manages pools of RecyclableMemoryStream objects.
            </summary>
            <remarks>
            There are two pools managed in here. The small pool contains same-sized buffers that are handed to streams
            as they write more data.
            
            For scenarios that need to call GetBuffer(), the large pool contains buffers of various sizes, all
            multiples of LargeBufferMultiple (1 MB by default). They are split by size to avoid overly-wasteful buffer
            usage. There should be far fewer 8 MB buffers than 1 MB buffers, for example.
            </remarks>
        </member>
        <member name="T:Microsoft.IO.RecyclableMemoryStreamManager.EventHandler">
            <summary>
            Generic delegate for handling events without any arguments.
            </summary>
        </member>
        <member name="T:Microsoft.IO.RecyclableMemoryStreamManager.StreamLengthReportHandler">
            <summary>
            Delegate for handling reports of stream size when streams are allocated
            </summary>
            <param name="bytes">Bytes allocated.</param>
        </member>
        <member name="T:Microsoft.IO.RecyclableMemoryStreamManager.UsageReportEventHandler">
            <summary>
            Delegate for handling periodic reporting of memory use statistics.
            </summary>
            <param name="smallPoolInUseBytes">Bytes currently in use in the small pool.</param>
            <param name="smallPoolFreeBytes">Bytes currently free in the small pool.</param>
            <param name="largePoolInUseBytes">Bytes currently in use in the large pool.</param>
            <param name="largePoolFreeBytes">Bytes currently free in the large pool.</param>
        </member>
        <member name="F:Microsoft.IO.RecyclableMemoryStreamManager.largePools">
            <summary>
            pools[0] = 1x largeBufferMultiple buffers
            pools[1] = 2x largeBufferMultiple buffers
            etc., up to maximumBufferSize
            </summary>
        </member>
        <member name="M:Microsoft.IO.RecyclableMemoryStreamManager.#ctor">
            <summary>
            Initializes the memory manager with the default block/buffer specifications.
            </summary>
        </member>
        <member name="M:Microsoft.IO.RecyclableMemoryStreamManager.#ctor(System.Int32,System.Int32,System.Int32)">
            <summary>
            Initializes the memory manager with the given block requiredSize.
            </summary>
            <param name="blockSize">Size of each block that is pooled. Must be > 0.</param>
            <param name="largeBufferMultiple">Each large buffer will be a multiple of this value.</param>
            <param name="maximumBufferSize">Buffers larger than this are not pooled</param>
            <exception cref="T:System.ArgumentOutOfRangeException">blockSize is not a positive number, or largeBufferMultiple is not a positive number, or maximumBufferSize is less than blockSize.</exception>
            <exception cref="T:System.ArgumentException">maximumBufferSize is not a multiple of largeBufferMultiple</exception>
        </member>
        <member name="P:Microsoft.IO.RecyclableMemoryStreamManager.BlockSize">
            <summary>
            The size of each block. It must be set at creation and cannot be changed.
            </summary>
        </member>
        <member name="P:Microsoft.IO.RecyclableMemoryStreamManager.LargeBufferMultiple">
            <summary>
            All buffers are multiples of this number. It must be set at creation and cannot be changed.
            </summary>
        </member>
        <member name="P:Microsoft.IO.RecyclableMemoryStreamManager.MaximumBufferSize">
            <summary>
            Gets or sets the maximum buffer size.
            </summary>
            <remarks>Any buffer that is returned to the pool that is larger than this will be
            discarded and garbage collected.</remarks>
        </member>
        <member name="P:Microsoft.IO.RecyclableMemoryStreamManager.SmallPoolFreeSize">
            <summary>
            Number of bytes in small pool not currently in use
            </summary>
        </member>
        <member name="P:Microsoft.IO.RecyclableMemoryStreamManager.SmallPoolInUseSize">
            <summary>
            Number of bytes currently in use by stream from the small pool
            </summary>
        </member>
        <member name="P:Microsoft.IO.RecyclableMemoryStreamManager.LargePoolFreeSize">
            <summary>
            Number of bytes in large pool not currently in use
            </summary>
        </member>
        <member name="P:Microsoft.IO.RecyclableMemoryStreamManager.LargePoolInUseSize">
            <summary>
            Number of bytes currently in use by streams from the large pool
            </summary>
        </member>
        <member name="P:Microsoft.IO.RecyclableMemoryStreamManager.SmallBlocksFree">
            <summary>
            How many blocks are in the small pool
            </summary>
        </member>
        <member name="P:Microsoft.IO.RecyclableMemoryStreamManager.LargeBuffersFree">
            <summary>
            How many buffers are in the large pool
            </summary>
        </member>
        <member name="P:Microsoft.IO.RecyclableMemoryStreamManager.MaximumFreeSmallPoolBytes">
            <summary>
            How many bytes of small free blocks to allow before we start dropping
            those returned to us.
            </summary>
        </member>
        <member name="P:Microsoft.IO.RecyclableMemoryStreamManager.MaximumFreeLargePoolBytes">
            <summary>
            How many bytes of large free buffers to allow before we start dropping
            those returned to us.
            </summary>
        </member>
        <member name="P:Microsoft.IO.RecyclableMemoryStreamManager.MaximumStreamCapacity">
            <summary>
            Maximum stream capacity in bytes. Attempts to set a larger capacity will
            result in an exception.
            </summary>
            <remarks>A value of 0 indicates no limit.</remarks>
        </member>
        <member name="P:Microsoft.IO.RecyclableMemoryStreamManager.GenerateCallStacks">
            <summary>
            Whether to save callstacks for stream allocations. This can help in debugging.
            It should NEVER be turned on generally in production.
            </summary>
        </member>
        <member name="P:Microsoft.IO.RecyclableMemoryStreamManager.AggressiveBufferReturn">
            <summary>
            Whether dirty buffers can be immediately returned to the buffer pool. E.g. when GetBuffer() is called on
            a stream and creates a single large buffer, if this setting is enabled, the other blocks will be returned
            to the buffer pool immediately.
            Note when enabling this setting that the user is responsible for ensuring that any buffer previously
            retrieved from a stream which is subsequently modified is not used after modification (as it may no longer
            be valid).
            </summary>
        </member>
        <member name="M:Microsoft.IO.RecyclableMemoryStreamManager.GetBlock">
            <summary>
            Removes and returns a single block from the pool.
            </summary>
            <returns>A byte[] array</returns>
        </member>
        <member name="M:Microsoft.IO.RecyclableMemoryStreamManager.GetLargeBuffer(System.Int32,System.String)">
            <summary>
            Returns a buffer of arbitrary size from the large buffer pool. This buffer
            will be at least the requiredSize and always be a multiple of largeBufferMultiple.
            </summary>
            <param name="requiredSize">The minimum length of the buffer</param>
            <param name="tag">The tag of the stream returning this buffer, for logging if necessary.</param>
            <returns>A buffer of at least the required size.</returns>
        </member>
        <member name="M:Microsoft.IO.RecyclableMemoryStreamManager.ReturnLargeBuffer(System.Byte[],System.String)">
            <summary>
            Returns the buffer to the large pool
            </summary>
            <param name="buffer">The buffer to return.</param>
            <param name="tag">The tag of the stream returning this buffer, for logging if necessary.</param>
            <exception cref="T:System.ArgumentNullException">buffer is null</exception>
            <exception cref="T:System.ArgumentException">buffer.Length is not a multiple of LargeBufferMultiple (it did not originate from this pool)</exception>
        </member>
        <member name="M:Microsoft.IO.RecyclableMemoryStreamManager.ReturnBlocks(System.Collections.Generic.List{System.Byte[]},System.String)">
            <summary>
            Returns the blocks to the pool
            </summary>
            <param name="blocks">Collection of blocks to return to the pool</param>
            <param name="tag">The tag of the stream returning these blocks, for logging if necessary.</param>
            <exception cref="T:System.ArgumentNullException">blocks is null</exception>
            <exception cref="T:System.ArgumentException">blocks contains buffers that are the wrong size (or null) for this memory manager</exception>
        </member>
        <member name="M:Microsoft.IO.RecyclableMemoryStreamManager.GetStream">
            <summary>
            Retrieve a new MemoryStream object with no tag and a default initial capacity.
            </summary>
            <returns>A MemoryStream.</returns>
        </member>
        <member name="M:Microsoft.IO.RecyclableMemoryStreamManager.GetStream(System.String)">
            <summary>
            Retrieve a new MemoryStream object with the given tag and a default initial capacity.
            </summary>
            <param name="tag">A tag which can be used to track the source of the stream.</param>
            <returns>A MemoryStream.</returns>
        </member>
        <member name="M:Microsoft.IO.RecyclableMemoryStreamManager.GetStream(System.String,System.Int32)">
            <summary>
            Retrieve a new MemoryStream object with the given tag and at least the given capacity.
            </summary>
            <param name="tag">A tag which can be used to track the source of the stream.</param>
            <param name="requiredSize">The minimum desired capacity for the stream.</param>
            <returns>A MemoryStream.</returns>
        </member>
        <member name="M:Microsoft.IO.RecyclableMemoryStreamManager.GetStream(System.String,System.Int32,System.Boolean)">
            <summary>
            Retrieve a new MemoryStream object with the given tag and at least the given capacity, possibly using
            a single continugous underlying buffer.
            </summary>
            <remarks>Retrieving a MemoryStream which provides a single contiguous buffer can be useful in situations
            where the initial size is known and it is desirable to avoid copying data between the smaller underlying
            buffers to a single large one. This is most helpful when you know that you will always call GetBuffer
            on the underlying stream.</remarks>
            <param name="tag">A tag which can be used to track the source of the stream.</param>
            <param name="requiredSize">The minimum desired capacity for the stream.</param>
            <param name="asContiguousBuffer">Whether to attempt to use a single contiguous buffer.</param>
            <returns>A MemoryStream.</returns>
        </member>
        <member name="M:Microsoft.IO.RecyclableMemoryStreamManager.GetStream(System.String,System.Byte[],System.Int32,System.Int32)">
            <summary>
            Retrieve a new MemoryStream object with the given tag and with contents copied from the provided
            buffer. The provided buffer is not wrapped or used after construction.
            </summary>
            <remarks>The new stream's position is set to the beginning of the stream when returned.</remarks>
            <param name="tag">A tag which can be used to track the source of the stream.</param>
            <param name="buffer">The byte buffer to copy data from.</param>
            <param name="offset">The offset from the start of the buffer to copy from.</param>
            <param name="count">The number of bytes to copy from the buffer.</param>
            <returns>A MemoryStream.</returns>
        </member>
        <member name="E:Microsoft.IO.RecyclableMemoryStreamManager.BlockCreated">
            <summary>
            Triggered when a new block is created.
            </summary>
        </member>
        <member name="E:Microsoft.IO.RecyclableMemoryStreamManager.BlockDiscarded">
            <summary>
            Triggered when a new block is created.
            </summary>
        </member>
        <member name="E:Microsoft.IO.RecyclableMemoryStreamManager.LargeBufferCreated">
            <summary>
            Triggered when a new large buffer is created.
            </summary>
        </member>
        <member name="E:Microsoft.IO.RecyclableMemoryStreamManager.StreamCreated">
            <summary>
            Triggered when a new stream is created.
            </summary>
        </member>
        <member name="E:Microsoft.IO.RecyclableMemoryStreamManager.StreamDisposed">
            <summary>
            Triggered when a stream is disposed.
            </summary>
        </member>
        <member name="E:Microsoft.IO.RecyclableMemoryStreamManager.StreamFinalized">
            <summary>
            Triggered when a stream is finalized.
            </summary>
        </member>
        <member name="E:Microsoft.IO.RecyclableMemoryStreamManager.StreamLength">
            <summary>
            Triggered when a stream is finalized.
            </summary>
        </member>
        <member name="E:Microsoft.IO.RecyclableMemoryStreamManager.StreamConvertedToArray">
            <summary>
            Triggered when a user converts a stream to array.
            </summary>
        </member>
        <member name="E:Microsoft.IO.RecyclableMemoryStreamManager.UsageReport">
            <summary>
            Periodically triggered to report usage statistics.
            </summary>
        </member>
    </members>
</doc>
