<?xml version="1.0"?>
<doc>
    <assembly>
        <name>FrooxEngine</name>
    </assembly>
    <members>
        <member name="T:FrooxEngine.GrabbableUserVoiceModifier">
            <summary>
            Reconfigures the audio output of the user who grabs and releases object with this component on.
            It must be placed on the same slot as the Grabbable component.
            </summary>
        </member>
        <member name="T:FrooxEngine.GrabbableUserVoiceModifier.VoiceState">
            <summary>
            A preset for the voice audio output.
            </summary>
        </member>
        <member name="F:FrooxEngine.GrabbableUserVoiceModifier.StateOnGrabbed">
            <summary>
            Preset to set the voice to when the object is grabbed
            </summary>
        </member>
        <member name="F:FrooxEngine.GrabbableUserVoiceModifier.StateOnReleased">
            <summary>
            Preset to set the voice to when the component is released
            </summary>
        </member>
        <member name="T:FrooxEngine.DroneCamera">
            <summary>
            Makes the object fly around the scene in a drone-like manner, pointing it at the active users.
            The component will follow one or more users and try to keep them entirely in the frame, while
            alternating height and relative position to them.
            </summary>
        </member>
        <member name="F:FrooxEngine.DroneCamera.CameraUser">
            <summary>
            The user who updates the object position in the world.
            </summary>
        </member>
        <member name="F:FrooxEngine.DroneCamera.ManualControl">
            <summary>
            Determines whether the camera is flying around autonomously or whether it's controlled manually via an operator
            </summary>
        </member>
        <member name="F:FrooxEngine.DroneCamera.FieldOfViewSource">
            <summary>
            Reference to a field with field of view of the camera, used for proper framing.
            </summary>
        </member>
        <member name="F:FrooxEngine.DroneCamera.FieldOfView">
            <summary>
            An explicit field of view value in case the FieldOfViewSource is null
            </summary>
        </member>
        <member name="F:FrooxEngine.DroneCamera.AspectRatioSource">
            <summary>
            Reference to a field with the aspect ratio of the camera.
            </summary>
        </member>
        <member name="F:FrooxEngine.DroneCamera.AspectRatio">
            <summary>
            Explicit aspect ratio value in case the AspectRatioSource is set to null.
            </summary>
        </member>
        <member name="F:FrooxEngine.DroneCamera.FollowUser">
            <summary>
            A reference to a specific user the camera should follow. Will pick an user automatically if null
            </summary>
        </member>
        <member name="F:FrooxEngine.DroneCamera.ControllerRejectDistance">
            <summary>
            Distance above which the user's controllers are excluded from the framing
            </summary>
        </member>
        <member name="F:FrooxEngine.DroneCamera.GroupSearchRadius">
            <summary>
            Radius around each user in which it searches for more users to include in a group for framing.
            </summary>
        </member>
        <member name="F:FrooxEngine.DroneCamera.BiggestGroupSearchInterval">
            <summary>
            Number of seconds between checks for the biggest group of users in the scene.
            </summary>
        </member>
        <member name="F:FrooxEngine.DroneCamera.IgnoreOtherCameras">
            <summary>
            Whether it should ignore users who are also running in the camera mode.
            </summary>
        </member>
        <member name="F:FrooxEngine.DroneCamera.HeadForwardPointDistance">
            <summary>
            Distance of a framing point in front of the user's head
            </summary>
        </member>
        <member name="F:FrooxEngine.DroneCamera.HeadBackwardPointDistance">
            <summary>
            Distance of a framing point in the back of user's head
            </summary>
        </member>
        <member name="F:FrooxEngine.DroneCamera.HeadUpPointDistance">
            <summary>
            Distance of a framing point above the user's head
            </summary>
        </member>
        <member name="F:FrooxEngine.DroneCamera.HeadDownPointDistance">
            <summary>
            Distance of a framing point below user's head
            </summary>
        </member>
        <member name="F:FrooxEngine.DroneCamera.HeightOffset">
            <summary>
            Offset along the vertical axis from the user's head
            </summary>
        </member>
        <member name="F:FrooxEngine.DroneCamera.CircleOffset">
            <summary>
            Anglular offset around a circle, with zero being in front of the current user (or average front direction of a group)
            </summary>
        </member>
        <member name="F:FrooxEngine.DroneCamera.DistanceOffset">
            <summary>
            Additional distance offset to the distance computed by the framing, which fits all the control points in the view.
            </summary>
        </member>
        <member name="F:FrooxEngine.DroneCamera.CircleSpeed">
            <summary>
            How fast the camera moves in a circle around the user(s)
            </summary>
        </member>
        <member name="F:FrooxEngine.DroneCamera.PositionSpeed">
            <summary>
            How fast the camera moves towards the center of the user or a group framing
            </summary>
        </member>
        <member name="F:FrooxEngine.DroneCamera.LookSpeed">
            <summary>
            How fast the camera rotates at the center of the user or the group
            </summary>
        </member>
        <member name="F:FrooxEngine.DroneCamera.DistanceSpeed">
            <summary>
            How fast the camera changes the distance from the user/group
            </summary>
        </member>
        <member name="F:FrooxEngine.DroneCamera.UserInfluenceSpeed">
            <summary>
            How fast do user movements influence the framing points of the camera
            </summary>
        </member>
        <member name="F:FrooxEngine.DroneCamera.HeightAmplitude">
            <summary>
            Amplitude of the height oscillation of the camera
            </summary>
        </member>
        <member name="F:FrooxEngine.DroneCamera.DistanceAmplitude">
            <summary>
            Amplitude of the distance oscillation of the camera
            </summary>
        </member>
        <member name="F:FrooxEngine.DroneCamera.CircleAmplitude">
            <summary>
            Angle amplitude of the circle offset oscillation of the camera
            </summary>
        </member>
        <member name="F:FrooxEngine.DroneCamera.HeightPeriod">
            <summary>
            Period of the height oscillation of the camera
            </summary>
        </member>
        <member name="F:FrooxEngine.DroneCamera.DistancePeriod">
            <summary>
            Period of the distance oscillation of the camera
            </summary>
        </member>
        <member name="F:FrooxEngine.DroneCamera.CirclePeriod">
            <summary>
            Period of the circle offset oscillation of the camera
            </summary>
        </member>
        <member name="F:FrooxEngine.DroneCamera.CirclePeriodNoiseSpeed">
            <summary>
            Speed of change of the noise function used to modulate the oscillation speed
            </summary>
        </member>
        <member name="F:FrooxEngine.DroneCamera.CirclePeriodNoiseInfluence">
            <summary>
            Influence of the noise function on the oscillation speed
            </summary>
        </member>
        <member name="F:FrooxEngine.DroneCamera.CheckOcclusion">
            <summary>
            Whether the camera should check for an occlusion between the user and the itself and adjust accordingly
            </summary>
        </member>
        <member name="F:FrooxEngine.DroneCamera.AdjustHeightOnOcclusion">
            <summary>
            Whether the camera should adjust height first if it helps resolving the occlusion
            </summary>
        </member>
        <member name="F:FrooxEngine.DroneCamera.TeleportWaitTime">
            <summary>
            How long has the camera to be out of range before it teleports to reset the framing
            </summary>
        </member>
        <member name="F:FrooxEngine.DroneCamera.TeleportTriggerRelativeDistance">
            <summary>
            Distance ratio relative to the computed target distance, above which the camera will trigger teleport to reset framing
            </summary>
        </member>
        <member name="F:FrooxEngine.DroneCamera.TeleportTriggerAngle">
            <summary>
            An angle between the front direction of the camera and the target center of the framing, above which the camera will trigger teleport
            </summary>
        </member>
        <member name="F:FrooxEngine.DroneCamera.MinRandomizeFovInterval">
            <summary>
            Minimum interval before Fov is changed
            </summary>
        </member>
        <member name="F:FrooxEngine.DroneCamera.MaxRandomizeFovInterval">
            <summary>
             Maximum interval before Fov is changed. If set to zero, Fov randomization is disabled.
            </summary>
        </member>
        <member name="F:FrooxEngine.DroneCamera.MinFov">
            <summary>
            Lower bound for the randomized field of view angle
            </summary>
        </member>
        <member name="F:FrooxEngine.DroneCamera.MaxFov">
            <summary>
            Upper bound for the randomized field of view angle
            </summary>
        </member>
        <member name="F:FrooxEngine.DroneCamera.MinChangeFovTime">
            <summary>
            Miminum length of the field of view transition
            </summary>
        </member>
        <member name="F:FrooxEngine.DroneCamera.MaxChangeFovTime">
            <summary>
            Maximum length of the field of view transition
            </summary>
        </member>
        <member name="M:FrooxEngine.DroneCamera.PresetBiggestGroup">
            <summary>
            A preset that tries to follow and frame the biggest group in the scene.
            </summary>
        </member>
        <member name="M:FrooxEngine.DroneCamera.PresetTimelapse">
            <summary>
            Preset with a very slow gradual movements, ideal for speeding up the footage for a timelapse.
            </summary>
        </member>
        <member name="M:FrooxEngine.DroneCamera.PresetBehind">
            <summary>
            Preset which makes the camera stay behind the host (or selected user)
            </summary>
        </member>
        <member name="M:FrooxEngine.DroneCamera.PresetInFront">
            <summary>
            Preset which makes the camera fly in front of the host (or selected user) at varying distances.
            Useful for public events, like when presenting in front of an virtual audience.
            </summary>
        </member>
        <member name="M:FrooxEngine.DroneCamera.PresetManual">
            <summary>
            Enables manual control of the camera by an operator or by grabbing it.
            </summary>
        </member>
        <member name="T:FrooxEngine.PatreonSkyController">
            <summary>
            Generates a set of text renderers and images in a dome pattern, based on the data from the Neos' cloud infrastructure 
            to show the names and avatars of the Patreon supporters.
            </summary>
        </member>
        <member name="T:FrooxEngine.FinalIK.Axis">
            <summary>
            The Cartesian axes.
            </summary>
        </member>
        <member name="T:FrooxEngine.FinalIK.AxisTools">
            <summary>
            Contains tools for working with Axes that have no positive/negative directions.
            </summary>
        </member>
        <member name="M:FrooxEngine.FinalIK.AxisTools.Tofloat3(FrooxEngine.FinalIK.Axis)">
            <summary>
            Converts an Axis to float3.
            </summary>
        </member>
        <member name="M:FrooxEngine.FinalIK.AxisTools.ToAxis(BaseX.float3@)">
            <summary>
            Converts a float3 to Axis.
            </summary>
        </member>
        <member name="M:FrooxEngine.FinalIK.AxisTools.GetAxisToPoint(FrooxEngine.Slot,BaseX.float3@)">
            <summary>
            Returns the Axis of the Transform towards a world space position.
            </summary>
        </member>
        <member name="M:FrooxEngine.FinalIK.AxisTools.GetAxisToDirection(FrooxEngine.Slot,BaseX.float3@)">
            <summary>
            Returns the Axis of the Transform towards a world space direction.
            </summary>
        </member>
        <member name="M:FrooxEngine.FinalIK.AxisTools.GetAxisVectorToPoint(FrooxEngine.Slot,BaseX.float3@)">
            <summary>
            Returns the local axis of the Transform towards a world space position.
            </summary>
        </member>
        <member name="M:FrooxEngine.FinalIK.AxisTools.GetAxisVectorToDirection(FrooxEngine.Slot,BaseX.float3)">
            <summary>
            Returns the local axis of the Transform that aligns the most with a direction.
            </summary>
        </member>
        <member name="M:FrooxEngine.FinalIK.IK.GetIKSolver">
            <summary>
            Gets the %IK component's solver as IKSolver.
            </summary>
        </member>
        <member name="T:FrooxEngine.FinalIK.IKSolver">
            <summary>
            The base abstract class for all %IK solvers
            </summary>
        </member>
        <member name="M:FrooxEngine.FinalIK.IKSolver.IsValid">
            <summary>
            Determines whether this instance is valid or not.
            </summary>
        </member>
        <member name="M:FrooxEngine.FinalIK.IKSolver.IsValid(System.String@)">
            <summary>
            Determines whether this instance is valid or not. If returns false, also fills in an error message.
            </summary>
        </member>
        <member name="M:FrooxEngine.FinalIK.IKSolver.Initiate(FrooxEngine.Slot)">
            <summary>
            Initiate the solver with specified root Transform. Use only if this %IKSolver is not a member of an %IK component.
            </summary>
        </member>
        <member name="M:FrooxEngine.FinalIK.IKSolver.Update">
            <summary>
            Updates the %IK solver. Use only if this %IKSolver is not a member of an %IK component or the %IK component has been disabled and you intend to manually control the updating.
            </summary>
        </member>
        <member name="F:FrooxEngine.FinalIK.IKSolver.IKPosition">
            <summary>
            The %IK position.
            </summary>
        </member>
        <member name="F:FrooxEngine.FinalIK.IKSolver.IKPositionWeight">
            <summary>
            The %IK position weight or the master weight of the solver.
            </summary>
        </member>
        <member name="P:FrooxEngine.FinalIK.IKSolver.Initiated">
            <summary>
            Gets a value indicating whether this <see cref="T:FrooxEngine.FinalIK.IKSolver"/> has successfully initiated.
            </summary>
        </member>
        <member name="M:FrooxEngine.FinalIK.IKSolver.FixTransforms">
            <summary>
            Fixes all the Transforms used by the solver to their initial state.
            </summary>
        </member>
        <member name="M:FrooxEngine.FinalIK.IKSolver.StoreDefaultLocalState">
            <summary>
            Stores the default local state for the bones used by the solver.
            </summary>
        </member>
        <member name="T:FrooxEngine.FinalIK.IKSolver.UpdateDelegate">
            <summary>
            Delegates solver update events.
            </summary>
        </member>
        <member name="T:FrooxEngine.FinalIK.IKSolver.IterationDelegate">
            <summary>
            Delegates solver iteration events.
            </summary>
        </member>
        <member name="F:FrooxEngine.FinalIK.IKSolver.OnPreInitiate">
            <summary>
            Called before initiating the solver.
            </summary>
        </member>
        <member name="F:FrooxEngine.FinalIK.IKSolver.OnPostInitiate">
            <summary>
            Called after initiating the solver.
            </summary>
        </member>
        <member name="F:FrooxEngine.FinalIK.IKSolver.OnPreUpdate">
            <summary>
            Called before updating.
            </summary>
        </member>
        <member name="F:FrooxEngine.FinalIK.IKSolver.OnPostUpdate">
            <summary>
            Called after writing the solved pose
            </summary>
        </member>
        <member name="T:FrooxEngine.FinalIK.IKSolverVR">
            <summary>
            Hybrid %IK solver designed for mapping a character to a VR headset and 2 hand controllers 
            </summary>
            <summary>
            Hybrid %IK solver designed for mapping a character to a VR headset and 2 hand controllers 
            </summary>
            <summary>
            Hybrid %IK solver designed for mapping a character to a VR headset and 2 hand controllers 
            </summary>
            <summary>
            Hybrid %IK solver designed for mapping a character to a VR headset and 2 hand controllers 
            </summary>
            <summary>
            Hybrid %IK solver designed for mapping a character to a VR headset and 2 hand controllers 
            </summary>
            <summary>
            Hybrid %IK solver designed for mapping a character to a VR headset and 2 hand controllers 
            </summary>
        </member>
        <member name="P:FrooxEngine.FinalIK.IKSolverVR.References.isFilled">
            <summary>
            Returns true if all required Transforms have been assigned (shoulder, toe and neck bones are optional).
            </summary>
        </member>
        <member name="P:FrooxEngine.FinalIK.IKSolverVR.References.isEmpty">
            <summary>
            Returns true if none of the Transforms have been assigned.
            </summary>
        </member>
        <member name="M:FrooxEngine.FinalIK.IKSolverVR.GuessHandOrientations(System.Boolean)">
            <summary>
            Guesses the hand bones orientations ('Wrist To Palm Axis' and "Palm To Thumb Axis" of the arms) based on the provided references. if onlyIfZero is true, will only guess an orientation axis if it is float3.zero.
            </summary>
        </member>
        <member name="M:FrooxEngine.FinalIK.IKSolverVR.DefaultAnimationCurves">
            <summary>
            Set default values for the animation curves if they have no keys.
            </summary>
        </member>
        <member name="M:FrooxEngine.FinalIK.IKSolverVR.AddPositionOffset(FrooxEngine.FinalIK.IKSolverVR.PositionOffset,BaseX.float3@)">
            <summary>
            Adds position offset to a body part. Position offsets add to the targets in VRIK.
            </summary>
        </member>
        <member name="M:FrooxEngine.FinalIK.IKSolverVR.AddRotationOffset(FrooxEngine.FinalIK.IKSolverVR.RotationOffset,BaseX.float3@)">
            <summary>
            Adds rotation offset to a body part. Rotation offsets add to the targets in VRIK
            </summary>
        </member>
        <member name="M:FrooxEngine.FinalIK.IKSolverVR.AddRotationOffset(FrooxEngine.FinalIK.IKSolverVR.RotationOffset,BaseX.floatQ@)">
            <summary>
            Adds rotation offset to a body part. Rotation offsets add to the targets in VRIK
            </summary>
        </member>
        <member name="M:FrooxEngine.FinalIK.IKSolverVR.AddPlatformMotion(BaseX.float3@,BaseX.floatQ@,BaseX.float3@)">
            <summary>
            Call this in each Update if your avatar is standing on a moving platform
            </summary>
        </member>
        <member name="M:FrooxEngine.FinalIK.IKSolverVR.Reset">
            <summary>
            Resets all tweens, blendings and lerps. Call this after you have teleported the character.
            </summary>
        </member>
        <member name="F:FrooxEngine.FinalIK.IKSolverVR.PlantFeet">
            <summary>
            If true, will keep the toes planted even if head target is out of reach.
            </summary>
        </member>
        <member name="F:FrooxEngine.FinalIK.IKSolverVR.rootBone">
            <summary>
            Gets the root bone.
            </summary>
        </member>
        <member name="F:FrooxEngine.FinalIK.IKSolverVR.spine">
            <summary>
            The spine solver.
            </summary>
        </member>
        <member name="F:FrooxEngine.FinalIK.IKSolverVR.leftArm">
            <summary>
            The left arm solver.
            </summary>
        </member>
        <member name="F:FrooxEngine.FinalIK.IKSolverVR.rightArm">
            <summary>
            The right arm solver.
            </summary>
        </member>
        <member name="F:FrooxEngine.FinalIK.IKSolverVR.leftLeg">
            <summary>
            The left leg solver.
            </summary>
        </member>
        <member name="F:FrooxEngine.FinalIK.IKSolverVR.rightLeg">
            <summary>
            The right leg solver.
            </summary>
        </member>
        <member name="F:FrooxEngine.FinalIK.IKSolverVR.locomotion">
            <summary>
            The procedural locomotion solver.
            </summary>
        </member>
        <member name="T:FrooxEngine.FinalIK.IKSolverVR.Arm">
            <summary>
            4-segmented analytic arm chain.
            </summary>
        </member>
        <member name="F:FrooxEngine.FinalIK.IKSolverVR.Arm.Target">
            <summary>
            The hand target.
            </summary>
        </member>
        <member name="F:FrooxEngine.FinalIK.IKSolverVR.Arm.BendGoal">
            <summary>
            The elbow will be bent towards this Transform if 'Bend Goal Weight' > 0.
            </summary>
        </member>
        <member name="F:FrooxEngine.FinalIK.IKSolverVR.Arm.PositionWeight">
            <summary>
            Positional weight of the hand target.
            </summary>
        </member>
        <member name="F:FrooxEngine.FinalIK.IKSolverVR.Arm.RotationWeight">
            <summary>
            Rotational weight of the hand target.
            </summary>
        </member>
        <member name="F:FrooxEngine.FinalIK.IKSolverVR.Arm.ShoulderRotationModeSetting">
            <summary>
            Different techniques for shoulder bone rotation.
            </summary>
        </member>
        <member name="F:FrooxEngine.FinalIK.IKSolverVR.Arm.ShoulderRotationWeight">
            <summary>
            The weight of shoulder rotation
            </summary>
        </member>
        <member name="F:FrooxEngine.FinalIK.IKSolverVR.Arm.BendGoalWeight">
            <summary>
            If greater than 0, will bend the elbow towards the 'Bend Goal' Transform.
            </summary>
        </member>
        <member name="F:FrooxEngine.FinalIK.IKSolverVR.Arm.SwivelOffset">
            <summary>
            Angular offset of the elbow bending direction.
            </summary>
        </member>
        <member name="F:FrooxEngine.FinalIK.IKSolverVR.Arm.WristToPalmAxis">
            <summary>
            Local axis of the hand bone that points from the wrist towards the palm. Used for defining hand bone orientation.
            </summary>
        </member>
        <member name="F:FrooxEngine.FinalIK.IKSolverVR.Arm.PalmToThumbAxis">
            <summary>
            Local axis of the hand bone that points from the palm towards the thumb. Used for defining hand bone orientation.
            </summary>
        </member>
        <member name="F:FrooxEngine.FinalIK.IKSolverVR.Arm.ArmLengthMlp">
            <summary>
            Use this to make the arm shorter/longer.
            </summary>
        </member>
        <member name="F:FrooxEngine.FinalIK.IKSolverVR.Arm.StretchCurve">
            <summary>
            Evaluates stretching of the arm by target distance relative to arm length. Value at time 1 represents stretching amount at the point where distance to the target is equal to arm length. Value at time 2 represents stretching amount at the point where distance to the target is double the arm length. Value represents the amount of stretching. Linear stretching would be achieved with a linear curve going up by 45 degrees. Increase the range of stretching by moving the last key up and right at the same amount. Smoothing in the curve can help reduce elbow snapping (start stretching the arm slightly before target distance reaches arm length).
            </summary>
        </member>
        <member name="F:FrooxEngine.FinalIK.IKSolverVR.Arm.IKPosition">
            <summary>
            Target position of the hand. Will be overriden if target is assigned.
            </summary>
        </member>
        <member name="F:FrooxEngine.FinalIK.IKSolverVR.Arm.IKRotation">
            <summary>
            Target rotation of the hand. Will be overwritten if target is assigned.
            </summary>
        </member>
        <member name="F:FrooxEngine.FinalIK.IKSolverVR.Arm.BendGoalPosition">
            <summary>
            The bending position of the limb. Will be used if bendGoalWeight is greater than 0. Will be overwritten if bendGoal is assigned.
            </summary>
        </member>
        <member name="F:FrooxEngine.FinalIK.IKSolverVR.Arm.TwistRelaxWeight">
            <summary>
            The wight of the relaxing the twist of the forearm and hand
            </summary>
        </member>
        <member name="F:FrooxEngine.FinalIK.IKSolverVR.Arm.TwistCrossfade">
            <summary>
            If 0.5, this Transform will be twisted half way from parent to child. If 1, the twist angle will be locked to the child and will rotate with along with it.
            </summary>
        </member>
        <member name="F:FrooxEngine.FinalIK.IKSolverVR.Arm.TwistAngleOffset">
            <summary>
            
            </summary>
        </member>
        <member name="F:FrooxEngine.FinalIK.IKSolverVR.Arm.handPositionOffset">
            <summary>
            Position offset of the hand. Will be applied on top of hand target position and reset to float3.zero after each update.
            </summary>
        </member>
        <member name="T:FrooxEngine.FinalIK.IKSolverVR.BodyPart">
            <summary>
            A base class for limbs of all types.
            </summary>
        </member>
        <member name="T:FrooxEngine.FinalIK.IKSolverVR.Leg">
            <summary>
            4-segmented analytic leg chain.
            </summary>
        </member>
        <member name="F:FrooxEngine.FinalIK.IKSolverVR.Leg.Target">
            <summary>
            The toe/foot target.
            </summary>
        </member>
        <member name="F:FrooxEngine.FinalIK.IKSolverVR.Leg.BendGoal">
            <summary>
            The knee will be bent towards this Transform if 'Bend Goal Weight' > 0.
            </summary>
        </member>
        <member name="F:FrooxEngine.FinalIK.IKSolverVR.Leg.PositionWeight">
            <summary>
            Positional weight of the toe/foot target.
            </summary>
        </member>
        <member name="F:FrooxEngine.FinalIK.IKSolverVR.Leg.RotationWeight">
            <summary>
            Rotational weight of the toe/foot target.
            </summary>
        </member>
        <member name="F:FrooxEngine.FinalIK.IKSolverVR.Leg.BendGoalWeight">
            <summary>
            If greater than 0, will bend the knee towards the 'Bend Goal' Transform.
            </summary>
        </member>
        <member name="F:FrooxEngine.FinalIK.IKSolverVR.Leg.SwivelOffset">
            <summary>
            Angular offset of the knee bending direction.
            </summary>
        </member>
        <member name="F:FrooxEngine.FinalIK.IKSolverVR.Leg.CalfBendNormal">
            <summary>
            Directional vector in calf's coordinate space along which to bend the knee
            </summary>
        </member>
        <member name="F:FrooxEngine.FinalIK.IKSolverVR.Leg.IKPosition">
            <summary>
            Target position of the toe/foot. Will be overwritten if target is assigned.
            </summary>
        </member>
        <member name="F:FrooxEngine.FinalIK.IKSolverVR.Leg.IKRotation">
            <summary>
            Target rotation of the toe/foot. Will be overwritten if target is assigned.
            </summary>
        </member>
        <member name="F:FrooxEngine.FinalIK.IKSolverVR.Leg.footPositionOffset">
            <summary>
            Position offset of the toe/foot. Will be applied on top of target position and reset to float3.zero after each update.
            </summary>
        </member>
        <member name="F:FrooxEngine.FinalIK.IKSolverVR.Leg.heelPositionOffset">
            <summary>
            Position offset of the heel. Will be reset to float3.zero after each update.
            </summary>
        </member>
        <member name="F:FrooxEngine.FinalIK.IKSolverVR.Leg.footRotationOffset">
            <summary>
            Rotation offset of the toe/foot. Will be reset to floatQ.identity after each update.
            </summary>
        </member>
        <member name="F:FrooxEngine.FinalIK.IKSolverVR.Leg.currentMag">
            <summary>
            The length of the leg (calculated in last read).
            </summary>
        </member>
        <member name="F:FrooxEngine.FinalIK.IKSolverVR.Locomotion.Weight">
            <summary>
            Used for blending in/out of procedural locomotion.
            </summary>
        </member>
        <member name="F:FrooxEngine.FinalIK.IKSolverVR.Locomotion.FootDistance">
            <summary>
            Tries to maintain this distance between the legs.
            </summary>
        </member>
        <member name="F:FrooxEngine.FinalIK.IKSolverVR.Locomotion.StepThreshold">
            <summary>
            Makes a step only if step target position is at least this far from the current footstep or the foot does not reach the current footstep anymore or footstep angle is past the 'Angle Threshold'.
            </summary>
        </member>
        <member name="F:FrooxEngine.FinalIK.IKSolverVR.Locomotion.AngleThreshold">
            <summary>
            Makes a step only if step target position is at least 'Step Threshold' far from the current footstep or the foot does not reach the current footstep anymore or footstep angle is past this value.
            </summary>
        </member>
        <member name="F:FrooxEngine.FinalIK.IKSolverVR.Locomotion.ComAngleMlp">
            <summary>
            Multiplies angle of the center of mass - center of pressure vector. Larger value makes the character step sooner if losing balance.
            </summary>
        </member>
        <member name="F:FrooxEngine.FinalIK.IKSolverVR.Locomotion.MaxVelocity">
            <summary>
            Maximum magnitude of head/hand target velocity used in prediction.
            </summary>
        </member>
        <member name="F:FrooxEngine.FinalIK.IKSolverVR.Locomotion.VelocityFactor">
            <summary>
            The amount of head/hand target velocity prediction.
            </summary>
        </member>
        <member name="F:FrooxEngine.FinalIK.IKSolverVR.Locomotion.MaxLegStretch">
            <summary>
            How much can a leg be extended before it is forced to step to another position? 1 means fully stretched.
            </summary>
        </member>
        <member name="F:FrooxEngine.FinalIK.IKSolverVR.Locomotion.RootSpeed">
            <summary>
            The speed of lerping the root of the character towards the horizontal mid-point of the footsteps.
            </summary>
        </member>
        <member name="F:FrooxEngine.FinalIK.IKSolverVR.Locomotion.StepSpeed">
            <summary>
            The speed of steps
            </summary>
        </member>
        <member name="F:FrooxEngine.FinalIK.IKSolverVR.Locomotion.StepHeight">
            <summary>
            The height of the foot by normalized step progress (0 - 1).
            </summary>
        </member>
        <member name="F:FrooxEngine.FinalIK.IKSolverVR.Locomotion.HeelHeight">
            <summary>
            The height offset of the heel by normalized step progress (0 - 1).
            </summary>
        </member>
        <member name="F:FrooxEngine.FinalIK.IKSolverVR.Locomotion.RelaxLegTwistMinAngle">
            <summary>
            Rotates the foot while the leg is not stepping to relax the twist rotation of the leg if ideal rotation is past this angle.
            </summary>
        </member>
        <member name="F:FrooxEngine.FinalIK.IKSolverVR.Locomotion.RelaxLegTwistSpeed">
            <summary>
            The speed of rotating the foot while the leg is not stepping to relax the twist rotation of the leg.
            </summary>
        </member>
        <member name="F:FrooxEngine.FinalIK.IKSolverVR.Locomotion.StepInterpolation">
            <summary>
            Interpolation mode of the step.
            </summary>
        </member>
        <member name="F:FrooxEngine.FinalIK.IKSolverVR.Locomotion.Offset">
            <summary>
            Offset for the approximated center of mass.
            </summary>
        </member>
        <member name="F:FrooxEngine.FinalIK.IKSolverVR.Locomotion.OnLeftFootstep">
            <summary>
            Called when the left foot has finished a step.
            </summary>
        </member>
        <member name="F:FrooxEngine.FinalIK.IKSolverVR.Locomotion.OnRightFootstep">
            <summary>
            Called when the right foot has finished a step
            </summary>
        </member>
        <member name="P:FrooxEngine.FinalIK.IKSolverVR.Locomotion.centerOfMass">
            <summary>
            Gets the approximated center of mass.
            </summary>
        </member>
        <member name="T:FrooxEngine.FinalIK.IKSolverVR.Spine">
            <summary>
            Spine solver for IKSolverVR.
            </summary>
        </member>
        <member name="F:FrooxEngine.FinalIK.IKSolverVR.Spine.HeadTarget">
            <summary>
            The head target.
            </summary>
        </member>
        <member name="F:FrooxEngine.FinalIK.IKSolverVR.Spine.PelvisTarget">
            <summary>
            The pelvis target, useful with seated rigs.
            </summary>
        </member>
        <member name="F:FrooxEngine.FinalIK.IKSolverVR.Spine.PositionWeight">
            <summary>
            Positional weight of the head target.
            </summary>
        </member>
        <member name="F:FrooxEngine.FinalIK.IKSolverVR.Spine.RotationWeight">
            <summary>
            Rotational weight of the head target.
            </summary>
        </member>
        <member name="F:FrooxEngine.FinalIK.IKSolverVR.Spine.PelvisPositionWeight">
            <summary>
            Positional weight of the pelvis target.
            </summary>
        </member>
        <member name="F:FrooxEngine.FinalIK.IKSolverVR.Spine.PelvisRotationWeight">
            <summary>
            Rotational weight of the pelvis target.
            </summary>
        </member>
        <member name="F:FrooxEngine.FinalIK.IKSolverVR.Spine.ChestGoal">
            <summary>
            If chestGoalWeight is greater than 0, the chest will be turned towards this Transform.
            </summary>
        </member>
        <member name="F:FrooxEngine.FinalIK.IKSolverVR.Spine.ChestGoalWeight">
            <summary>
            Rotational weight of the chest target.
            </summary>
        </member>
        <member name="F:FrooxEngine.FinalIK.IKSolverVR.Spine.MinHeadHeight">
            <summary>
            Minimum height of the head from the root of the character.
            </summary>
        </member>
        <member name="F:FrooxEngine.FinalIK.IKSolverVR.Spine.BodyPosStiffness">
            <summary>
            Determines how much the body will follow the position of the head.
            </summary>
        </member>
        <member name="F:FrooxEngine.FinalIK.IKSolverVR.Spine.BodyRotStiffness">
            <summary>
            Determines how much the body will follow the rotation of the head.
            </summary>
        </member>
        <member name="F:FrooxEngine.FinalIK.IKSolverVR.Spine.NeckStiffness">
            <summary>
            Determines how much the chest will rotate to the rotation of the head.
            </summary>
        </member>
        <member name="F:FrooxEngine.FinalIK.IKSolverVR.Spine.RotateChestByHands">
            <summary>
            The amount of rotation applied to the chest based on hand positions.
            </summary>
        </member>
        <member name="F:FrooxEngine.FinalIK.IKSolverVR.Spine.ChestClampWeight">
            <summary>
            Clamps chest rotation.
            </summary>
        </member>
        <member name="F:FrooxEngine.FinalIK.IKSolverVR.Spine.HeadClampWeight">
            <summary>
            Clamps head rotation.
            </summary>
        </member>
        <member name="F:FrooxEngine.FinalIK.IKSolverVR.Spine.MoveBodyBackWhenCrouching">
            <summary>
            Moves the body horizontally along -character.forward axis by that value when the player is crouching.
            </summary>
        </member>
        <member name="F:FrooxEngine.FinalIK.IKSolverVR.Spine.MaintainPelvisPosition">
            <summary>
            How much will the pelvis maintain it's animated position?
            </summary>
        </member>
        <member name="F:FrooxEngine.FinalIK.IKSolverVR.Spine.MaxRootAngle">
            <summary>
            Will automatically rotate the root of the character if the head target has turned past this angle.
            </summary>
        </member>
        <member name="F:FrooxEngine.FinalIK.IKSolverVR.Spine.IKPositionHead">
            <summary>
            Target position of the head. Will be overwritten if target is assigned.
            </summary>
        </member>
        <member name="F:FrooxEngine.FinalIK.IKSolverVR.Spine.IKRotationHead">
            <summary>
            Target rotation of the head. Will be overwritten if target is assigned.
            </summary>
        </member>
        <member name="F:FrooxEngine.FinalIK.IKSolverVR.Spine.IKPositionPelvis">
            <summary>
            Target position of the pelvis. Will be overwritten if target is assigned.
            </summary>
        </member>
        <member name="F:FrooxEngine.FinalIK.IKSolverVR.Spine.IKRotationPelvis">
            <summary>
            Target rotation of the pelvis. Will be overwritten if target is assigned.
            </summary>
        </member>
        <member name="F:FrooxEngine.FinalIK.IKSolverVR.Spine.GoalPositionChest">
            <summary>
            The goal position for the chest. If chestGoalWeight > 0, the chest will be turned towards this position.
            </summary>
        </member>
        <member name="F:FrooxEngine.FinalIK.IKSolverVR.Spine.pelvisPositionOffset">
            <summary>
            Position offset of the pelvis. Will be applied on top of pelvis target position and reset to float3.zero after each update.
            </summary>
        </member>
        <member name="F:FrooxEngine.FinalIK.IKSolverVR.Spine.chestPositionOffset">
            <summary>
            Position offset of the chest. Will be reset to float3.zero after each update.
            </summary>
        </member>
        <member name="F:FrooxEngine.FinalIK.IKSolverVR.Spine.headPositionOffset">
            <summary>
            Position offset of the head. Will be applied on top of head target position and reset to float3.zero after each update.
            </summary>
        </member>
        <member name="F:FrooxEngine.FinalIK.IKSolverVR.Spine.pelvisRotationOffset">
            <summary>
            Rotation offset of the pelvis. Will be reset to floatQ.identity after each update.
            </summary>
        </member>
        <member name="F:FrooxEngine.FinalIK.IKSolverVR.Spine.chestRotationOffset">
            <summary>
            Rotation offset of the chest. Will be reset to floatQ.identity after each update.
            </summary>
        </member>
        <member name="F:FrooxEngine.FinalIK.IKSolverVR.Spine.headRotationOffset">
            <summary>
            Rotation offset of the head. Will be applied on top of head target rotation and reset to floatQ.identity after each update.
            </summary>
        </member>
        <member name="M:FrooxEngine.FinalIK.IKSolverVR.VirtualBone.SolveTrigonometric(System.Span{FrooxEngine.FinalIK.IKSolverVR.VirtualBone},System.Int32,System.Int32,System.Int32,BaseX.float3,BaseX.float3@,System.Single)">
            <summary>
            Solve the bone chain virtually using both solverPositions and SolverRotations. This will work the same as IKSolverTrigonometric.Solve.
            </summary>
        </member>
        <member name="T:FrooxEngine.FinalIK.InterpolationMode">
            <summary>
            Interpolation mode.
            </summary>
        </member>
        <member name="T:FrooxEngine.FinalIK.Interp">
            <summary>
            Class for various interpolation methods.
            </summary>
        </member>
        <member name="M:FrooxEngine.FinalIK.Interp.Float(System.Single,FrooxEngine.FinalIK.InterpolationMode)">
            <summary>
            Interpolate the specified t by InterpolationMode mode.
            </summary>
            <param name='t'>
            T.
            </param>
            <param name='mode'>
            InterpolationMode.
            </param>
        </member>
        <member name="M:FrooxEngine.FinalIK.Interp.V3(BaseX.float3,BaseX.float3,System.Single,FrooxEngine.FinalIK.InterpolationMode)">
            <summary>
            Interpolate between two verctors by InterpolationMode mode
            </summary>
        </member>
        <member name="M:FrooxEngine.FinalIK.Interp.LerpValue(System.Single,System.Single,System.Single,System.Single,System.Single)">
            <summary>
            Linear interpolation of value towards target.
            </summary>
        </member>
        <member name="T:FrooxEngine.FinalIK.QuaTools">
            <summary>
            Helper methods for dealing with floatQs.
            </summary>
        </member>
        <member name="M:FrooxEngine.FinalIK.QuaTools.Lerp(BaseX.floatQ@,BaseX.floatQ@,System.Single)">
            <summary>
            Optimized floatQ.Lerp
            </summary>
        </member>
        <member name="M:FrooxEngine.FinalIK.QuaTools.Slerp(BaseX.floatQ@,BaseX.floatQ@,System.Single)">
            <summary>
            Optimized floatQ.Slerp
            </summary>
        </member>
        <member name="M:FrooxEngine.FinalIK.QuaTools.LinearBlend(BaseX.floatQ@,System.Single)">
            <summary>
            Returns the rotation from identity floatQ to "q", interpolated linearily by "weight".
            </summary>
        </member>
        <member name="M:FrooxEngine.FinalIK.QuaTools.SphericalBlend(BaseX.floatQ@,System.Single)">
            <summary>
            Returns the rotation from identity floatQ to "q", interpolated spherically by "weight".
            </summary>
        </member>
        <member name="M:FrooxEngine.FinalIK.QuaTools.FromToAroundAxis(BaseX.float3@,BaseX.float3@,BaseX.float3@)">
            <summary>
            Creates a FromToRotation, but makes sure it's axis remains fixed near to the floatQ singularity point.
            </summary>
            <returns>
            The from to rotation around an axis.
            </returns>
            <param name='fromDirection'>
            From direction.
            </param>
            <param name='toDirection'>
            To direction.
            </param>
            <param name='axis'>
            Axis. Should be normalized before passing into this method.
            </param>
        </member>
        <member name="M:FrooxEngine.FinalIK.QuaTools.RotationToLocalSpace(BaseX.floatQ@,BaseX.floatQ@)">
            <summary>
            Gets the rotation that can be used to convert a rotation from one axis space to another.
            </summary>
        </member>
        <member name="M:FrooxEngine.FinalIK.QuaTools.FromToRotation(BaseX.floatQ@,BaseX.floatQ@)">
            <summary>
            Gets the floatQ from rotation "from" to rotation "to".
            </summary>
        </member>
        <member name="M:FrooxEngine.FinalIK.QuaTools.GetAxis(BaseX.float3@)">
            <summary>
            Gets the closest direction axis to a vector. Input vector must be normalized!
            </summary>
        </member>
        <member name="M:FrooxEngine.FinalIK.QuaTools.ClampRotation(BaseX.floatQ@,System.Single,System.Int32)">
            <summary>
            Clamps the rotation similar to V3Tools.ClampDirection.
            </summary>
        </member>
        <member name="M:FrooxEngine.FinalIK.QuaTools.ClampAngle(System.Single,System.Single,System.Int32)">
            <summary>
            Clamps an angular value.
            </summary>
        </member>
        <member name="M:FrooxEngine.FinalIK.QuaTools.MatchRotation(BaseX.floatQ@,BaseX.float3@,BaseX.float3@,BaseX.float3@,BaseX.float3@)">
            <summary>
            Used for matching the rotations of objects that have different orientations.
            </summary>
        </member>
        <member name="F:FrooxEngine.FinalIK.SolverManager.FixTransformsEnabled">
            <summary>
            If true, will fix all the Transforms used by the solver to their initial state in each Update. This prevents potential problems with unanimated bones and animator culling with a small cost of performance. Not recommended for CCD and FABRIK solvers.
            </summary>
        </member>
        <member name="T:FrooxEngine.FinalIK.V3Tools">
            <summary>
            Helper methods for dealing with 3-dimensional vectors.
            </summary>
        </member>
        <member name="M:FrooxEngine.FinalIK.V3Tools.Lerp(BaseX.float3@,BaseX.float3@,System.Single)">
            <summary>
            Optimized float3.Lerp
            </summary>
        </member>
        <member name="M:FrooxEngine.FinalIK.V3Tools.Slerp(BaseX.float3@,BaseX.float3@,System.Single)">
            <summary>
            Optimized float3.Slerp
            </summary>
        </member>
        <member name="M:FrooxEngine.FinalIK.V3Tools.ExtractVertical(BaseX.float3@,BaseX.float3@,System.Single)">
            <summary>
            Returns vector projection on axis multiplied by weight.
            </summary>
        </member>
        <member name="M:FrooxEngine.FinalIK.V3Tools.ExtractHorizontal(BaseX.float3@,BaseX.float3,System.Single)">
            <summary>
            Returns vector projected to a plane and multiplied by weight.
            </summary>
        </member>
        <member name="M:FrooxEngine.FinalIK.V3Tools.ClampDirection(BaseX.float3@,BaseX.float3@,System.Single,System.Int32,System.Boolean@)">
            <summary>
            Clamps the direction to clampWeight from normalDirection, clampSmoothing is the number of sine smoothing iterations applied on the result.
            </summary>
        </member>
        <member name="M:FrooxEngine.FinalIK.V3Tools.ClampDirection(BaseX.float3@,BaseX.float3@,System.Single,System.Int32,System.Single@)">
            <summary>
            Clamps the direction to clampWeight from normalDirection, clampSmoothing is the number of sine smoothing iterations applied on the result.
            </summary>
        </member>
        <member name="M:FrooxEngine.FinalIK.V3Tools.LineToPlane(BaseX.float3@,BaseX.float3@,BaseX.float3@,BaseX.float3@)">
            <summary>
            Get the intersection point of line and plane
            </summary>
        </member>
        <member name="M:FrooxEngine.FinalIK.V3Tools.PointToPlane(BaseX.float3@,BaseX.float3@,BaseX.float3@)">
            <summary>
            Projects a point to a plane.
            </summary>
        </member>
        <member name="F:FrooxEngine.FlyLocomotion.Strafing">
            <summary>
            Whether to allow strafing using the secondary controller
            </summary>
        </member>
        <member name="F:FrooxEngine.FlyLocomotion.MaxSpeed">
            <summary>
            The maximum flying speed in world units per second. Relative to the current user scale.
            </summary>
        </member>
        <member name="F:FrooxEngine.FlyLocomotion.SpeedExp">
            <summary>
            The exponentation power applied to the velocity modulation input.
            </summary>
        </member>
        <member name="F:FrooxEngine.FlyLocomotion.MinimumFlySpeedRatio">
            <summary>
            When using fly speed modulation with trigger (or other 1D analog input) this is the minimal flying speed
            ratio (relative to the MaxSpeed) when the modulation is zero
            </summary>
        </member>
        <member name="F:FrooxEngine.FlyLocomotion.DualInputHandling">
            <summary>
            How to handle input coming both from the primary and secondary controllers
            </summary>
        </member>
        <member name="T:FrooxEngine.AudioPlayerOrb">
            <summary>
            An audio player UI, that provides interface for common audio playback actions. It holds a reference
            to an audio clip, shows a waveform, play/stop/pause/loop controls, seeking control, volume adjustment,
            and spatialization option.
            </summary>
        </member>
        <member name="F:FrooxEngine.AudioPlayerOrb.AudioClip">
            <summary>
            Reference to the audio clip that this player will play and control.
            </summary>
        </member>
        <member name="T:FrooxEngine.AssetProvider`1">
            <summary>
            A base class for all components that provide Assets, either static or dynamic.
            It provides common behavior, such as tracking whether the asset is referenced and informing derived classes
            when the load or free the asset from the memory.
            </summary>
            <typeparam name="A">The type of the asset that is provided</typeparam>
        </member>
        <member name="P:FrooxEngine.AssetProvider`1.AssetReferenceCount">
            <summary>
            Number of references to this asset in the world
            </summary>
        </member>
        <member name="P:FrooxEngine.AssetProvider`1.Asset">
            <summary>
            Instance of the asset if loaded
            </summary>
        </member>
        <member name="P:FrooxEngine.AssetProvider`1.IsAssetAvailable">
            <summary>
            Determines if the asset is currently loaded and available for use
            </summary>
        </member>
        <member name="T:FrooxEngine.Rig">
            <summary>
            Contains metadata of rigged 3D model composed of one or more SkinnedMeshRenderers 
            </summary>
        </member>
        <member name="F:FrooxEngine.Rig.Bones">
            <summary>
            List of references to slots representing the bones
            </summary>
        </member>
        <member name="M:FrooxEngine.IFingerPoseSource.GetFingerData(FrooxEngine.BodyNode,BaseX.float3@,BaseX.floatQ@)">
            <summary>
            Gets position and rotation data for a single finger.
            </summary>
            <param name="node">Finger node to get the data for.</param>
            <param name="position">Finger position relative to its root space.</param>
            <param name="rotation">Finger rotation relative to its root space.</param>
        </member>
        <member name="M:FrooxEngine.IFingerPoseSource.GetFingerData(System.Collections.Generic.List{FrooxEngine.BodyNode},System.Collections.Generic.List{BaseX.float3},System.Collections.Generic.List{BaseX.floatQ})">
            <summary>
            Gets finger positions for specified body nodes. The order corresponds to the provided order.
            </summary>
            <param name="nodes">Finger nodes for which to get the finger data.</param>
            <param name="positions">List to be filled with finger positions. Pass null if not interested.</param>
            <param name="rotations">List to be filled with finger rotations. Pass null if not interested.</param>
        </member>
        <member name="M:FrooxEngine.IFingerPoseSource.GetFingerData(FrooxEngine.Chirality,System.Collections.Generic.List{BaseX.float3},System.Collections.Generic.List{BaseX.floatQ})">
            <summary>
            Gets all finger positions and rotations for given hand. The order of the coordinates corresponds
            to the order of the finger nodes in the BodyNode enumeration
            </summary>
            <param name="chirality">Which side to get the finger data for</param>
            <param name="positions">List to be filled with finger positions. Pass null if not interested.</param>
            <param name="rotations">List to be filled with finger rotations. Pass null if not interested.</param>
        </member>
        <member name="T:FrooxEngine.CommonAvatar.AvatarObjectComponentProxy">
            <summary>
            This component fill forward avatar object component (d)equip events to another part of the slot hierarchy.
            This is useful for cases where the object components are placed outside the child hierachy of the object slot.
            </summary>
        </member>
        <member name="F:FrooxEngine.CommonAvatar.AvatarObjectComponentProxy.Target">
            <summary>
            The root of the target hierarchy for which to invoke the events.
            </summary>
        </member>
        <member name="T:FrooxEngine.DelegateTag`1">
            <summary>
            A component which holds a delegate reference without any additional information.
            </summary>
            <typeparam name="T">Type of the delegate the componet holds</typeparam>
        </member>
        <member name="F:FrooxEngine.DelegateTag`1.Delegate">
            <summary>
            Reference to the delegate.
            </summary>
        </member>
        <member name="P:FrooxEngine.DelegateTag`1.DelegateType">
            <summary>
            The type of the delegate
            </summary>
        </member>
        <member name="T:FrooxEngine.ReferenceTag`1">
            <summary>
            A component which holds a reference without any additional information.
            </summary>
            <typeparam name="T">Type of the referenced object</typeparam>
        </member>
        <member name="F:FrooxEngine.ReferenceTag`1.Reference">
            <summary>
            Reference to the object
            </summary>
        </member>
        <member name="P:FrooxEngine.ReferenceTag`1.ReferenceType">
            <summary>
            Type of the referenced object
            </summary>
        </member>
        <member name="T:FrooxEngine.ValueTag`1">
            <summary>
            A component which holds an arbitrary value without any additional information.
            </summary>
            <typeparam name="T">Type of the value that is held</typeparam>
        </member>
        <member name="F:FrooxEngine.ValueTag`1.Value">
            <summary>
            The value that is held
            </summary>
        </member>
        <member name="P:FrooxEngine.ValueTag`1.ValueType">
            <summary>
            Type of the value
            </summary>
        </member>
        <member name="T:FrooxEngine.Bounds">
            <summary>
            Provides explicit bounds data in the hierarchy
            </summary>
        </member>
        <member name="F:FrooxEngine.Bounds.Available">
            <summary>
            Determines if the bounding box is currently available for encapsulating
            </summary>
        </member>
        <member name="F:FrooxEngine.Bounds.LocalBounds">
            <summary>
            Boudning box in local coordinates that will be provided to bounds queries
            </summary>
        </member>
        <member name="T:FrooxEngine.FontMaterial">
            <summary>
            Provides additonal font style for text renderer
            </summary>
        </member>
        <member name="T:FrooxEngine.SkinnedMeshRenderer">
            <summary>
            Renders a skinned mesh in the world, deformed by a set of bones.
            </summary>
        </member>
        <member name="F:FrooxEngine.SkinnedMeshRenderer.Bones">
            <summary>
            List of references to slots in the world representing the mesh bones
            </summary>
        </member>
        <member name="F:FrooxEngine.SkinnedMeshRenderer.BlendShapeWeights">
            <summary>
            List of weights of the blend shapes contained in the skinned mesh
            </summary>
        </member>
        <member name="M:FrooxEngine.SkinnedMeshRenderer.BlendShapeIndex(System.String)">
            <summary>
            Finds the index of a blend shape with given name in the currently associated mesh asset.
            </summary>
            <param name="name"></param>
            <returns></returns>
        </member>
        <member name="M:FrooxEngine.SkinnedMeshRenderer.BlendShapeName(System.Int32)">
            <summary>
            Returns a name of a blend shape with given index in the currently associated mesh asset
            </summary>
            <param name="index"></param>
            <returns></returns>
        </member>
        <member name="P:FrooxEngine.SkinnedMeshRenderer.BlendShapeCount">
            <summary>
            Returns the number of blend shapes in the currently associated mesh asset
            </summary>
        </member>
        <member name="M:FrooxEngine.SkinnedMeshRenderer.GetBlendShapeWeight(System.String)">
            <summary>
            Returns the current blend shape weight for the currently associated mesh asset
            </summary>
            <param name="name"></param>
            <returns></returns>
        </member>
        <member name="M:FrooxEngine.SkinnedMeshRenderer.SetBlendShapeWeight(System.String,System.Single)">
            <summary>
            Sets the blend shape weight for the currently associated mesh asset
            </summary>
            <param name="name"></param>
            <param name="weight"></param>
        </member>
        <member name="T:FrooxEngine.Skybox">
            <summary>
            Renders a skybox in the world using a material asset
            </summary>
        </member>
        <member name="F:FrooxEngine.Skybox.Material">
            <summary>
            Reference to the material asset to be used for skybox rendering
            </summary>
        </member>
        <member name="P:FrooxEngine.Skybox.ActiveSkybox">
            <summary>
            Determines whether the component is currently rendering skybox in the world
            </summary>
        </member>
        <member name="T:FrooxEngine.Light">
            <summary>
            Renders a light source in the world
            </summary>
        </member>
        <member name="F:FrooxEngine.Light.LightType">
            <summary>
            The type of the light source to render
            </summary>
        </member>
        <member name="F:FrooxEngine.Light.Intensity">
            <summary>
            Intensity of the light source
            </summary>
        </member>
        <member name="F:FrooxEngine.Light.Color">
            <summary>
            Color of the light source
            </summary>
        </member>
        <member name="F:FrooxEngine.Light.ShadowType">
            <summary>
            Type of the shadow the light source casts
            </summary>
        </member>
        <member name="F:FrooxEngine.Light.ShadowStrength">
            <summary>
            Intensity of the cast shadow from this light source
            </summary>
        </member>
        <member name="F:FrooxEngine.Light.Range">
            <summary>
            Used by point and spot light sources, determines the maximum distance the light reaches
            </summary>
        </member>
        <member name="F:FrooxEngine.Light.SpotAngle">
            <summary>
            Anglular size in degrees of a spot light type
            </summary>
        </member>
        <member name="F:FrooxEngine.Light.Cookie">
            <summary>
            Texture whose alpha channel is used to modulate the intensity of the light
            </summary>
        </member>
        <member name="T:FrooxEngine.SearchBlock">
            <summary>
            Indicates at which component should be recursive searched stopped (for example when grabbing, touching)
            This is exclusive, meaning components on the slot with SearchBlock will still be returned
            </summary>
        </member>
        <member name="M:FrooxEngine.ObjectRootBlockExtensions.GetComponentsInParentsUntilBlock``1(FrooxEngine.Slot,System.Collections.Generic.List{``0},System.Predicate{``0})">
            <summary>
            Finds all components of type T in parents (including current slot), stopping after SearchBlock component is encountered.
            </summary>
            <typeparam name="T">The type of the component to find</typeparam>
            <param name="slot">The slot to begin the search on</param>
            <param name="results">A list to which to add found components</param>
            <param name="filter">Optional predicate to filter the found components</param>
        </member>
        <member name="M:FrooxEngine.ObjectRootBlockExtensions.GetComponentsInParentsUntilBlock``1(FrooxEngine.Slot,System.Predicate{``0})">
            <summary>
            Finds all components of type T in parents (including current slot), stopping after SearchBlock component is encountered.
            </summary>
            <typeparam name="T">The type of the component to find</typeparam>
            <param name="slot">The slot to begin the search on</param>
            <param name="filter">Optional predicate to filter the found components</param>
            <returns>List of all found components</returns>
        </member>
        <member name="M:FrooxEngine.ObjectRootBlockExtensions.GetComponentInParentsUntilBlock``1(FrooxEngine.Slot,System.Predicate{``0})">
            <summary>
            Finds the first component of type T in parents, searching until SearchBlock component is encountered
            </summary>
            <typeparam name="T">The type of the component to find</typeparam>
            <param name="slot">The slot to start the search on</param>
            <param name="filter">Optional predicate to filter the  found components.</param>
            <returns>First found component or null if no component is found</returns>
        </member>
        <member name="T:FrooxEngine.MeshRenderer">
            <summary>
            Renders a mesh with given set of materials in the world.
            </summary>
        </member>
        <member name="F:FrooxEngine.MeshRenderer.Mesh">
            <summary>
            Reference to the mesh asset to be rendered
            </summary>
        </member>
        <member name="F:FrooxEngine.MeshRenderer.Materials">
            <summary>
            List of references to the materials to be rendered
            </summary>
        </member>
        <member name="F:FrooxEngine.MeshRenderer.ShadowCastMode">
            <summary>
            ShadowCasting mode for rendering the mesh.
            </summary>
        </member>
        <member name="P:FrooxEngine.MeshRenderer.Material">
            <summary>
            Shortcut for the first material in the list of materials.
            </summary>
        </member>
        <member name="T:FrooxEngine.Slot">
            <summary>
            Slot is an empty hiearchy element that forms the base data tree of the World scene.
            It has a few basic properties, such as transform and name, but majority of functionality is provided
            by attaching various components on the slot.
            </summary>
        </member>
        <member name="P:FrooxEngine.Slot.IsRootSlot">
            <summary>
            Indicates whether this slot is the root slot of the World, under which all other slots are parented.
            </summary>
        </member>
        <member name="P:FrooxEngine.Slot.Name">
            <summary>
            The name of the slot
            </summary>
        </member>
        <member name="P:FrooxEngine.Slot.Tag">
            <summary>
            Optional tag of the slot, which allows finding or classifying slots in the scene by a string
            </summary>
        </member>
        <member name="P:FrooxEngine.Slot.Parent">
            <summary>
            Reference to the parent slot. Assigning a new parent automatically preserves world transform
            </summary>
        </member>
        <member name="P:FrooxEngine.Slot.RawParent">
            <summary>
            Raw reference to the parent slot. This one will return the previous parent slot if it has been already removed from the hierarchy.
            It's not guaranteed to be consistent across the clients.
            </summary>
        </member>
        <member name="P:FrooxEngine.Slot.HierachyDepth">
            <summary>
            Indicates the hiearchy depth of the slot relative to the root slot of the world
            </summary>
        </member>
        <member name="M:FrooxEngine.Slot.ComputeHierarchyDepth(FrooxEngine.Slot)">
            <summary>
            Computes hierchy depth relative to another slot. This indicates a number of slots required to travel upwards
            in the hiearrchy to reach the target slot.
            </summary>
            <param name="root">The slot relative to which the depth is computed</param>
            <returns>Hierarchy depth relative to the root slot, -1 if the root isn't a parent of this slot</returns>
        </member>
        <member name="M:FrooxEngine.Slot.SetParent(FrooxEngine.Slot,System.Boolean)">
            <summary>
            Sets a new parent to the slot, while optionally not preserving the global transform
            </summary>
            <param name="newParent">Reference to the new parent slot</param>
            <param name="keepGlobalTransform">Whther to preserve the global transform (position, rotation and scale) of the slot</param>
        </member>
        <member name="P:FrooxEngine.Slot.ActiveSelf">
            <summary>
            Determines whether the Slot itself is active or not. 
            Inactive slots deactivate their whole children hiearchy
            </summary>
        </member>
        <member name="F:FrooxEngine.Slot.Position_Field">
            <summary>
            Field that holds the local position of the slot
            </summary>
        </member>
        <member name="F:FrooxEngine.Slot.Rotation_Field">
            <summary>
            Field that holds the local rotation of the slot
            </summary>
        </member>
        <member name="F:FrooxEngine.Slot.Scale_Field">
            <summary>
            Field that holds the local scale of the slot
            </summary>
        </member>
        <member name="P:FrooxEngine.Slot.ChildIndex">
            <summary>
            Ordered index of the slot among all children of its parent. This order is ensured to stay consistent among clients.
            Assigning a new value will swap it with the child that's currently at given index.
            </summary>
        </member>
        <member name="M:FrooxEngine.Slot.InsertAtIndex(System.UInt32)">
            <summary>
            Inserts this slot at specific index in the list of children of the parent slot, shifting other children around.
            </summary>
            <param name="index">Index at which this slot should be inserted</param>
        </member>
        <member name="M:FrooxEngine.Slot.AddSlot(System.String,System.Boolean)">
            <summary>
            Creates a new slot in the scene as a child of this one.
            </summary>
            <param name="name">The name of the newly created slot</param>
            <returns></returns>
        </member>
        <member name="M:FrooxEngine.Slot.InsertSlot(System.Int32,System.String)">
            <summary>
            Creates a new slot in the scene as a child of this one and inserts it at specific index among the other children.
            </summary>
            <param name="index">The index of the new child</param>
            <param name="name">The name of the newly created slot</param>
            <returns></returns>
        </member>
        <member name="M:FrooxEngine.Slot.Destroy(FrooxEngine.Slot,System.Boolean)">
            <summary>
            Destroys the Slot, removing it from the world, while parenting all its children under a different slot.
            </summary>
            <param name="moveChildren">The slot under which all current children will be parented</param>
        </member>
        <member name="M:FrooxEngine.Slot.Destroy(System.Boolean)">
            <summary>
            Destroys the Slot and its entire children hierarchy, removing them from the scene.
            </summary>
        </member>
        <member name="M:FrooxEngine.Slot.DestroyChildren(System.Boolean,System.Boolean,System.Boolean)">
            <summary>
            Destroys the entire children hiearchy of this slot, but keeps the slot itself.
            </summary>
        </member>
        <member name="M:FrooxEngine.Slot.DestroyPreservingAssets(FrooxEngine.Slot,System.Boolean)">
            <summary>
            Destroys the slot, but preserves all AssetProviders in its hiearchy that are referenced outside of the destroyed hierachy.
            This technically preserves all slots with asset provider components, but destroys all other components on them.
            </summary>
            <param name="relocateAssets">Optional slot under which to relocate all the assets. If null, it'll be automatically created.</param>
        </member>
        <member name="P:FrooxEngine.Slot.IsActive">
            <summary>
            Indicates whether this slot is Active within the hierachy. Slot can be inactive in hierarchy if one of its parent
            slots are not active, even if it's active itself.
            </summary>
        </member>
        <member name="P:FrooxEngine.Slot.IsPersistent">
            <summary>
            Indicates if the slot is persistent in the hiearchy. If any of the parent slots are non-persistent, then
            all children are non persistent as well.
            Non-persistent elements of the hiearchy do not get saved with the world.
            </summary>
        </member>
        <member name="P:FrooxEngine.Slot.PersistentSelf">
            <summary>
            Indicates if the slot itself is set to be persistent. Setting it to non-persistent will make the whole children
            hierarchy non-persistent, whic h means that they do not get saved with the world.
            </summary>
        </member>
        <member name="M:FrooxEngine.Slot.Save(FrooxEngine.SaveControl)">
            <summary>
            Serializes a part of the scene hiearchy starting at this slot into a DataTreeNode hiearchy.
            </summary>
            <param name="control">Helper object used to control the serialization process.</param>
            <returns></returns>
        </member>
        <member name="M:FrooxEngine.Slot.Load(BaseX.DataTreeNode,FrooxEngine.LoadControl)">
            <summary>
            Deserializes part of previously saved scene hieararchy under the hierarchy of this slot.
            </summary>
            <param name="node">The root DataTreeNode from which to deserialize the scene hiearchy</param>
            <param name="control">Helper object used to control the deserializaiton process</param>
        </member>
        <member name="M:FrooxEngine.Slot.GetComponentInChildren``1(System.Predicate{``0},System.Boolean)">
            <summary>
            Returns a first component in the children hierarchy (including this slot) that satisfies given condition.
            </summary>
            <typeparam name="T">The type of the component to find.</typeparam>
            <param name="filter">Optional function used to filter the components</param>
            <returns>First found component or null if none found</returns>
        </member>
        <member name="M:FrooxEngine.Slot.GetComponentsInChildren``1(System.Predicate{``0},System.Boolean,System.Boolean)">
            <summary>
            Returns a list of all components in the children hierarchy (including this slot) that satisfy given condion.
            </summary>
            <typeparam name="T">The type of the components to find</typeparam>
            <param name="filter">Optional function used to filter the components.</param>
            <returns>A list of all found components</returns>
        </member>
        <member name="M:FrooxEngine.Slot.GetComponentsInChildren``1(System.Collections.Generic.List{``0},System.Predicate{``0},System.Boolean,System.Boolean)">
            <summary>
            Adds all components in the children hiearchy (including this slot) that satisfy given condition to the provided list.
            </summary>
            <typeparam name="T">The type of components to find</typeparam>
            <param name="results">List to which the found components will be added</param>
            <param name="filter">Optional function used to filter the components.</param>
        </member>
        <member name="M:FrooxEngine.Slot.ForeachComponentInChildren``1(System.Action{``0},System.Boolean,System.Boolean)">
            <summary>
            Calls the provided function for each component of given type in the children hiearchy (including self)
            </summary>
            <typeparam name="T">The type of the components to find</typeparam>
            <param name="callback">The function which to call for each component.</param>
        </member>
        <member name="M:FrooxEngine.Slot.ForeachComponentInChildren``1(System.Func{``0,System.Boolean},System.Boolean,System.Boolean)">
            <summary>
            Calls the provided function for each component of given type in the children hierarchy (including self).
            If the function returns false, the walking of the hierachy is stopped.
            </summary>
            <typeparam name="T">The type of the components to find</typeparam>
            <param name="callback">The functio nwhich to call for each component.</param>
            <returns>True if the function returned true for all found components, otherwise false</returns>
        </member>
        <member name="M:FrooxEngine.Slot.ForeachComponentInParents``1(System.Action{``0},System.Boolean)">
            <summary>
            Calls the provided function for each component of given type in the parent hierarchy (including self)
            </summary>
            <typeparam name="T">The type of the components to find</typeparam>
            <param name="callback">Function to call for each component</param>
            <returns></returns>
        </member>
        <member name="M:FrooxEngine.Slot.ForeachComponentInParents``1(System.Func{``0,System.Boolean},System.Boolean)">
            <summary>
            Calls the provided function for each component of given type in the parent hierarchy (including self)
            If the function returns false it'll stop.
            </summary>
            <typeparam name="T">The type of the components to find</typeparam>
            <param name="callback">The function to call for each component</param>
            <returns>True if the function returned true for all components, false if it was stopped</returns>
        </member>
        <member name="M:FrooxEngine.Slot.GetComponentInParents``1(System.Predicate{``0},System.Boolean)">
            <summary>
            Finds the first component in the parent hierarchy (including self) which matches the given criteria
            </summary>
            <typeparam name="T">The type of the component to find</typeparam>
            <param name="filter">Optional predicate to filter the components</param>
            <returns>The first found component or null if none matches the criteria</returns>
        </member>
        <member name="M:FrooxEngine.Slot.GetComponentsInParents``1(System.Collections.Generic.List{``0},System.Predicate{``0})">
            <summary>
            Fills the list with components in the parent hierarchy (including self) which match the given criteria 
            </summary>
            <typeparam name="T">The type of the component to find</typeparam>
            <param name="results">The list to fill with the found components</param>
            <param name="filter">Optional predicate to filter the components</param>
        </member>
        <member name="M:FrooxEngine.Slot.GetComponentsInParents``1(System.Predicate{``0})">
            <summary>
            Finds all components in the parent hierarchy (including self) which match the given criteria
            </summary>
            <typeparam name="T">The type of the component to find</typeparam>
            <param name="filter">Optional predicate to filter the components</param>
            <returns>List of all found components that match the criteria</returns>
        </member>
        <member name="P:FrooxEngine.Slot.ChildrenCount">
            <summary>
            Current number of children slots
            </summary>
        </member>
        <member name="P:FrooxEngine.Slot.Children">
            <summary>
            A collection of all the current children slots
            </summary>
        </member>
        <member name="P:FrooxEngine.Slot.Item(System.Int32)">
            <summary>
            Returns a child slot at specific index from all the current children slots.
            The order of children is ensured to stay consistent between clients in presence of no changes.
            </summary>
            <param name="childIndex">The index of the child slot to return</param>
            <returns>The child slot at given index</returns>
        </member>
        <member name="M:FrooxEngine.Slot.IndexOfChild(FrooxEngine.Slot)">
            <summary>
            Returns the child index of a specific slot.
            </summary>
            <param name="slot">The slot for which to determine the index</param>
            <returns>Child index of the slot or -1 if it's not a child of given slot</returns>
        </member>
        <member name="M:FrooxEngine.Slot.IsChildOf(FrooxEngine.Slot,System.Boolean)">
            <summary>
            Indicates if this slot is within the hierarchy of another
            </summary>
            <param name="slot">The root of the children hierarchy to check</param>
            <param name="includeSelf">Whether to return true if the slot is the same one as this is called on</param>
            <returns>True is the slot is within the hierarchy, false otherwise</returns>
        </member>
        <member name="M:FrooxEngine.Slot.CopyComponents(FrooxEngine.Slot)">
            <summary>
            Copies all components from another slot onto this one
            </summary>
            <param name="target"></param>
        </member>
        <member name="M:FrooxEngine.Slot.Find(System.String)">
            <summary>
            Finds the first direct child with given name
            </summary>
            <param name="name">The name to find</param>
            <returns>First found slot with given name or null if none matches</returns>
        </member>
        <member name="M:FrooxEngine.Slot.FindInChildren(System.String)">
            <summary>
            Finds the first child slot in the hierarchy with given name
            </summary>
            <param name="name">The name to find</param>
            <returns>First found slot with given name or null if none matches</returns>
        </member>
        <member name="M:FrooxEngine.Slot.FindOrAdd(System.String,System.Boolean)">
            <summary>
            Finds a direct child slot with given name or adds a new one with that name if none found
            </summary>
            <param name="name">The name to find</param>
            <returns>First found slot with that name or the newly added one if none was found</returns>
        </member>
        <member name="M:FrooxEngine.Slot.GetAllChildren(System.Boolean)">
            <summary>
            Returns a list with all the direct and indirect children in the slot's hiearchy
            </summary>
            <param name="includeSelf">Whether to include the slot this is called on in the list</param>
            <returns>List of all the children</returns>
        </member>
        <member name="M:FrooxEngine.Slot.TagHierarchy(System.String)">
            <summary>
            Sets the Tag of the Slot and all of its chlidren recursively
            </summary>
            <param name="tag">The tag to set</param>
        </member>
        <member name="M:FrooxEngine.Slot.GetChildrenWithTag(System.String)">
            <summary>
            Gets list of all slots (including this one) with a specific tag
            </summary>
            <param name="tag">The tag to check for</param>
            <returns>The list of all children with the given tag</returns>
        </member>
        <member name="M:FrooxEngine.Slot.GetChildrenWithTag(System.String,System.Collections.Generic.List{FrooxEngine.Slot})">
            <summary>
            Fills the list with all children with given tag
            </summary>
            <param name="tag">The tag to check for</param>
            <param name="children">The list which to fill with the found slots</param>        
        </member>
        <member name="M:FrooxEngine.Slot.SetIdentityTransform">
            <summary>
            Sets the local transform to identity with its parent.
            </summary>
        </member>
        <member name="M:FrooxEngine.Slot.TransformByAnother(FrooxEngine.Slot,BaseX.float3@,BaseX.floatQ@,BaseX.float3@)">
            <summary>
            Transforms this slot using other slot, as if it was its child. Only this slot is assigned,
            the other slot's transform is unchanged
            </summary>
            <param name="other">The slot to transform by</param>
            <param name="globalPosition">The new virtual global position of the other slot</param>
            <param name="globalRotation">The new virtual global rotation of the other slot</param>
            <param name="globalScale">Thew virtual global scale of the other slot</param>
        </member>
        <member name="P:FrooxEngine.Slot.HasIdentityTransform">
            <summary>
            Indicates if the slot has identify transform relative to its parent
            </summary>
        </member>
        <member name="M:FrooxEngine.Slot.CopyTransform(FrooxEngine.Slot)">
            <summary>
             Copies to global position, rotation and scale of the other slot
            </summary>
            <param name="slot"></param>
        </member>
        <member name="P:FrooxEngine.Slot.LocalPosition">
            <summary>
            Local position of the slot in the coordinate system of its parent
            </summary>
        </member>
        <member name="P:FrooxEngine.Slot.LocalRotation">
            <summary>
            The local rotation of the slot in the coordinate system of its parent
            </summary>
        </member>
        <member name="P:FrooxEngine.Slot.LocalScale">
            <summary>
            The local scale of the slot in the coordinate system of its parent
            </summary>
        </member>
        <member name="P:FrooxEngine.Slot.GlobalPosition">
            <summary>
            The global position of the slot in the scene coordinate space
            </summary>
        </member>
        <member name="P:FrooxEngine.Slot.GlobalRotation">
            <summary>
            The global rotation of the slot in the scene coorindate space
            </summary>
        </member>
        <member name="P:FrooxEngine.Slot.GlobalScale">
            <summary>
            The global scale of the slot in the scene coordinate space
            </summary>
        </member>
        <member name="P:FrooxEngine.Slot.GlobalToLocal">
            <summary>
            Transformation matrix that transforms from the scene coordinate space into the coordinate space of the slot
            </summary>
        </member>
        <member name="P:FrooxEngine.Slot.TRS">
            <summary>
            The transformation matrix of the slot. It transforms from its local coordinate space into the parent's
            </summary>
        </member>
        <member name="M:FrooxEngine.Slot.GetLocalToSpaceMatrix(FrooxEngine.Slot)">
            <summary>
            Computes a transformation matrix from the slot's local coordinate space to another slots'
            local coordinate space.
            </summary>
            <param name="space">The slot that the matrix should transform into</param>
            <returns>Transformation matrix</returns>
        </member>
        <member name="P:FrooxEngine.Slot.LocalToGlobal">
            <summary>
            Transformation matrix which transforms from the slot's coordinate space into the scene coordinate space
            </summary>
        </member>
        <member name="P:FrooxEngine.Slot.LocalToGlobalQuaternion">
            <summary>
            Quaternion representing a rotation from the slot's local coordinate space to the global.
            This doesn't include negative scaling transformation.
            </summary>
        </member>
        <member name="P:FrooxEngine.Slot.LocalToGlobalScale">
            <summary>
            Quaternions representing a rotation from global coordinate space into slot's local.
            This doesn't include negative scaling transformation.
            </summary>
        </member>
        <member name="P:FrooxEngine.Slot.Forward">
            <summary>
            Unit vector indicating the slot's forward direction in the global coodinate space.
            </summary>
        </member>
        <member name="P:FrooxEngine.Slot.Up">
            <summary>
            Unit vector indicating the slot's upwards direction in the global coodinate space.
            </summary>
        </member>
        <member name="P:FrooxEngine.Slot.Backward">
            <summary>
            Unit vector indicating the slot's backward direction in the global coodinate space.
            </summary>
        </member>
        <member name="P:FrooxEngine.Slot.Down">
            <summary>
            Unit vector indicating the slot's downwards direction in the global coodinate space.
            </summary>
        </member>
        <member name="P:FrooxEngine.Slot.Left">
            <summary>
            Unit vector indicating the slot's left direction in the global coodinate space.
            </summary>
        </member>
        <member name="P:FrooxEngine.Slot.Right">
            <summary>
            Unit vector indicating the slot's right direction in the global coodinate space.
            </summary>
        </member>
        <member name="M:FrooxEngine.Slot.LocalPointToGlobal(BaseX.float3@)">
            <summary>
            Transforms a positional coordinate from slot's local space to global
            </summary>
            <param name="localPoint">Point in the slot's local coordinate system</param>
            <returns>Point the global coordinate system</returns>
        </member>
        <member name="M:FrooxEngine.Slot.GlobalPointToLocal(BaseX.float3@)">
            <summary>
            Transforms a positional coordinate from global space to slot's local
            </summary>
            <param name="globalPoint">Point in the global coordinate system</param>
            <returns>Point in the slot's local coordinate system</returns>
        </member>
        <member name="M:FrooxEngine.Slot.LocalDirectionToGlobal(BaseX.float3@)">
            <summary>
            Transforms a direction of a vector from the slot's local coordinate space to the global.
            This rotates and inverts the vector, but preserves its length (unit input vector will 
            output unit output vector, regardless of scaling)
            </summary>
            <param name="localDirection">Directional vector in the slot's local coodinate space</param>
            <returns>Directional vector in the global coordinate space</returns>
        </member>
        <member name="M:FrooxEngine.Slot.GlobalDirectionToLocal(BaseX.float3@)">
            <summary>
            Transforms a direction of a vector from the global coordinate space to the slot's local.
            This rotates and inverts the vector, but preserves its length (unit input vector will 
            output unit output vector, regardless of scaling)
            </summary>
            <param name="globalDirection">Directional vector in the global coordinate space</param>
            <returns>Directional vector in the slot's local coordinate space</returns>
        </member>
        <member name="M:FrooxEngine.Slot.GlobalVectorToLocal(BaseX.float3@)">
            <summary>
            Transforms a vector from the global coordinate space to the slot's local.
            This rotates and scales the vector, but the position of the slots doesn't affect it.
            </summary>
            <param name="globalVector">Vector in the global coordinate space</param>
            <returns>Vector in the slot's local coordinate space</returns>
        </member>
        <member name="M:FrooxEngine.Slot.LocalVectorToGlobal(BaseX.float3@)">
            <summary>
            Transforms a vector from the slot's local coordinate space to global.
            This rotates and scales the vector, but the position of the slots doesn't affect it.
            </summary>
            <param name="localVector">Vector in the local coordinate space</param>
            <returns>Vector in the global coordinate space</returns>
        </member>
        <member name="M:FrooxEngine.Worker.CopyValues(FrooxEngine.Worker)">
            <summary>
            Copies values from a Worker of the same type
            </summary>
            <param name="source"></param>
        </member>
        <member name="M:FrooxEngine.Worker.CopyProperties(FrooxEngine.Worker,System.Boolean)">
            <summary>
            Copies values from a Worker of a different type, matching them by name.
            </summary>
            <param name="source"></param>
            <param name="includePrivate"></param>
        </member>
        <member name="M:FrooxEngine.World.RunSynchronously(System.Action,System.Boolean,FrooxEngine.IUpdatable,System.Boolean)">
            <summary>
            Runs an action in sync with the world update from the update thread, when changes to the data model are allowed by the running code.
            This allows you to schedule modifications to the world from background threads and other worlds.
            The action is ran as soon as possible, usually between the world's own update stages.
            This action is not guaranteed to run if the world is destroyed.
            </summary>
            <param name="action">The action to run synchronously</param>
            <param name="immediatellyIfPossible">If true, will run the action immediatelly if called from the world update thread, rather than scheduling it in a queue.</param>
        </member>
    </members>
</doc>
