﻿<?xml version="1.0" encoding="utf-8"?>
<?xml-stylesheet type="text/xsl" href="c:\program files (x86)\microsoft visual studio\2019\community\team tools\static analysis tools\fxcop\Xml\CodeAnalysisReport.xsl"?>
<FxCopReport Version="16.0">
 <Targets>
  <Target Name="D:\Sync\Projects\Software\Applications\NeoS\Neos Framework\NeosHeadless\bin\Release\Neos.exe">
   <Modules>
    <Module Name="neos.exe">
     <Namespaces>
      <Namespace Name="NeosHeadless">
       <Types>
        <Type Name="Program" Kind="Class" Accessibility="Assembly" ExternallyVisible="False">
         <Members>
          <Member Name="#SetConsoleCtrlHandler(NeosHeadless.Program+ConsoleEventDelegate,System.Boolean)" Kind="Method" Static="True" Accessibility="Private" ExternallyVisible="False">
           <Messages>
            <Message TypeName="MovePInvokesToNativeMethodsClass" Category="Microsoft.Design" CheckId="CA1060" Status="Active" Created="2020-02-05 21:33:09Z" FixCategory="Breaking">
             <Issue Certainty="95" Level="CriticalWarning">Because it is a P/Invoke method, 'Program.SetConsoleCtrlHandler(Program.ConsoleEventDelegate, bool)' should be defined in a class named NativeMethods, SafeNativeMethods, or UnsafeNativeMethods.</Issue>
            </Message>
           </Messages>
          </Member>
         </Members>
        </Type>
       </Types>
      </Namespace>
     </Namespaces>
    </Module>
   </Modules>
  </Target>
 </Targets>
 <Rules>
  <Rule TypeName="MovePInvokesToNativeMethodsClass" Category="Microsoft.Design" CheckId="CA1060">
   <Name>Move P/Invokes to NativeMethods class</Name>
   <Description>This type contains members with the DllImport attribute. Members with the DllImport attribute should be contained in classes named NativeMethods, SafeNativeMethods, or UnsafeNativeMethods.</Description>
   <Resolution Name="Default">Because it is a P/Invoke method, {0} should be defined in a class named NativeMethods, SafeNativeMethods, or UnsafeNativeMethods.</Resolution>
   <Owner />
   <Url>http://msdn.microsoft.com/library/ms182161.aspx</Url>
   <Email>[none]</Email>
   <MessageLevel Certainty="95">CriticalWarning</MessageLevel>
   <File Name="designrules.dll" Version="16.0.0.0" />
  </Rule>
 </Rules>
 <Localized>
  <String Key="Category">Category</String>
  <String Key="Certainty">Certainty</String>
  <String Key="CollapseAll">Collapse All</String>
  <String Key="CheckId">Check Id</String>
  <String Key="Error">Error</String>
  <String Key="Errors">error(s)</String>
  <String Key="ExpandAll">Expand All</String>
  <String Key="Help">Help</String>
  <String Key="Line">Line</String>
  <String Key="Messages">message(s)</String>
  <String Key="LocationNotStoredInPdb">[Location not stored in Pdb]</String>
  <String Key="Project">Project</String>
  <String Key="Resolution">Resolution</String>
  <String Key="Rule">Rule</String>
  <String Key="RuleFile">Rule File</String>
  <String Key="RuleDescription">Rule Description</String>
  <String Key="Source">Source</String>
  <String Key="Status">Status</String>
  <String Key="Target">Target</String>
  <String Key="Warning">Warning</String>
  <String Key="Warnings">warning(s)</String>
  <String Key="ReportTitle">Code Analysis Report</String>
 </Localized>
</FxCopReport>
